City_ID,City,Country,Date,Lat,Lng,Max Temp,Humidity,Cloudiness,Wind Speed
0,hobart,AU,2020-12-08 08:02:20,-42.88,147.33,62.01,48,75,18.34
1,kahului,US,2020-12-08 08:02:24,20.89,-156.47,73.0,81,7,5.01
2,sola,VU,2020-12-08 08:03:56,-13.88,167.55,82.6,81,91,3.47
3,kavaratti,IN,2020-12-08 08:03:56,10.57,72.64,86.0,79,40,14.99
4,ilulissat,GL,2020-12-08 08:03:56,69.22,-51.1,21.2,85,100,23.04
5,busselton,AU,2020-12-08 08:03:57,-33.65,115.33,93.99,9,0,11.65
6,ostrovnoy,RU,2020-12-08 08:03:57,68.05,39.51,32.59,95,100,4.97
7,kununurra,AU,2020-12-08 08:03:57,-15.77,128.73,78.8,100,90,5.82
8,malindi,KE,2020-12-08 08:03:57,-3.22,40.12,86.0,70,75,11.41
9,clyde river,CA,2020-12-08 08:03:57,70.47,-68.59,6.8,92,90,9.17
10,yangambi,CD,2020-12-08 08:03:58,0.81,24.43,81.39,71,95,3.06
11,nikolskoye,RU,2020-12-08 08:03:58,59.7,30.79,21.99,73,0,8.95
12,ushuaia,AR,2020-12-08 07:59:45,-54.8,-68.3,46.4,87,75,9.17
13,hermanus,ZA,2020-12-08 08:03:58,-34.42,19.23,72.0,74,100,5.99
14,rikitea,PF,2020-12-08 08:03:58,-23.12,-134.97,76.12,80,0,14.16
15,manono,CD,2020-12-08 08:03:59,-7.3,27.42,83.08,74,25,1.63
16,yellowknife,CA,2020-12-08 08:00:07,62.46,-114.35,3.99,91,40,4.7
17,dingle,PH,2020-12-08 08:03:59,11.0,122.67,82.2,85,87,8.72
18,ocos,GT,2020-12-08 08:03:59,14.51,-92.19,64.0,96,0,4.5
19,port elizabeth,ZA,2020-12-08 08:03:59,-33.92,25.57,73.4,78,20,10.29
20,garissa,KE,2020-12-08 08:04:00,-0.45,39.64,87.71,52,60,11.34
21,kalianget,ID,2020-12-08 08:04:00,-7.05,113.93,85.71,73,100,21.47
22,sao gabriel da cachoeira,BR,2020-12-08 08:04:00,-0.13,-67.09,72.63,97,100,1.54
23,hurghada,EG,2020-12-08 08:04:00,27.26,33.81,75.2,60,0,3.36
24,port hardy,CA,2020-12-08 08:03:07,50.7,-127.42,50.0,93,90,16.11
25,labuhan,ID,2020-12-08 08:04:01,-6.88,112.21,85.51,72,89,21.25
26,sinnamary,GF,2020-12-08 08:04:01,5.38,-52.95,76.86,85,94,5.32
27,tsabong,BW,2020-12-08 08:04:01,-26.02,22.4,84.16,40,86,21.79
28,los llanos de aridane,ES,2020-12-08 08:00:37,28.66,-17.92,64.4,68,75,10.29
29,saint-philippe,RE,2020-12-08 08:04:02,-21.36,55.77,87.8,70,20,13.87
30,kingman,US,2020-12-08 08:04:02,35.19,-114.05,55.0,19,1,6.93
31,bluff,NZ,2020-12-08 08:04:02,-46.6,168.33,57.99,74,0,11.01
32,ballybofey,IE,2020-12-08 08:04:03,54.8,-7.78,44.6,87,75,19.46
33,avera,US,2020-12-08 08:04:03,33.19,-82.53,33.01,83,1,8.05
34,husavik,IS,2020-12-08 08:04:03,66.04,-17.34,28.4,74,0,8.05
35,victoria,HK,2020-12-08 08:02:49,22.29,114.16,71.01,61,89,1.99
36,cape town,ZA,2020-12-08 08:00:39,-33.93,18.42,70.0,93,75,9.17
37,puerto ayora,EC,2020-12-08 08:04:04,-0.74,-90.35,73.0,91,83,7.0
38,albany,US,2020-12-08 08:03:18,42.6,-73.97,26.01,64,94,4.92
39,pangnirtung,CA,2020-12-08 08:04:04,66.15,-65.71,13.96,83,100,2.77
40,vardo,NO,2020-12-08 08:04:04,70.37,31.11,28.4,63,40,13.87
41,bambous virieux,MU,2020-12-08 08:04:04,-20.34,57.76,86.0,62,20,9.17
42,guerrero negro,MX,2020-12-08 08:04:05,27.98,-114.06,56.52,48,0,5.46
43,ryotsu,JP,2020-12-08 08:04:05,38.08,138.43,46.4,61,75,16.11
44,truth or consequences,US,2020-12-08 08:04:05,33.13,-107.25,37.0,27,1,4.7
45,mataura,NZ,2020-12-08 08:04:05,-46.19,168.86,57.99,74,15,11.01
46,punta arenas,CL,2020-12-08 08:04:06,-53.15,-70.92,50.0,93,100,12.75
47,atuona,PF,2020-12-08 08:04:06,-9.8,-139.03,78.75,75,14,18.7
48,high level,CA,2020-12-08 08:04:06,58.52,-117.14,35.6,80,1,8.05
49,olinda,BR,2020-12-08 08:04:07,-8.01,-34.86,77.0,73,40,10.29
50,enshi,CN,2020-12-08 08:04:07,30.3,109.48,49.41,67,100,4.18
51,bilma,NE,2020-12-08 08:04:07,18.69,12.92,82.51,15,0,4.74
52,north fort myers,US,2020-12-08 08:04:07,26.67,-81.88,59.0,77,1,8.05
53,hokitika,NZ,2020-12-08 08:04:07,-42.72,170.97,57.09,87,98,1.61
54,bathsheba,BB,2020-12-08 08:04:08,13.22,-59.52,73.4,83,20,5.82
55,nagybajom,HU,2020-12-08 08:04:08,46.39,17.51,35.6,100,90,6.93
56,alofi,NU,2020-12-08 08:04:08,-19.06,-169.92,78.8,88,77,9.17
57,proletarsk,RU,2020-12-08 08:04:08,46.7,41.72,26.26,82,1,17.2
58,kirakira,SB,2020-12-08 08:04:09,-10.45,161.92,80.87,77,100,1.95
59,lavrentiya,RU,2020-12-08 08:04:09,65.58,-171.0,15.1,90,0,10.49
60,niquero,CU,2020-12-08 08:04:09,20.04,-77.58,75.97,84,18,5.95
61,jamestown,US,2020-12-08 08:02:14,42.1,-79.24,28.0,79,90,10.29
62,steinbach,DE,2020-12-08 08:04:09,50.17,8.57,37.4,92,75,6.93
63,butaritari,KI,2020-12-08 08:04:10,3.07,172.79,81.97,78,32,9.64
64,hukuntsi,BW,2020-12-08 08:04:10,-24.0,21.75,83.61,39,21,17.0
65,tuktoyaktuk,CA,2020-12-08 08:04:10,69.45,-133.04,-1.01,93,100,5.73
66,nagornyy,RU,2020-12-08 08:04:10,52.8,83.55,14.0,85,75,15.66
67,pathein,MM,2020-12-08 08:04:10,16.78,94.73,85.44,48,0,8.21
68,tiksi,RU,2020-12-08 08:04:11,71.69,128.87,-20.9,88,96,2.3
69,hofn,IS,2020-12-08 08:04:11,64.25,-15.21,31.05,92,2,5.23
70,chokurdakh,RU,2020-12-08 08:04:11,70.63,147.92,-7.71,92,100,7.2
71,rio grande,BR,2020-12-08 08:04:11,-32.03,-52.1,66.0,91,56,4.0
72,andradas,BR,2020-12-08 08:04:12,-22.07,-46.57,66.04,92,100,2.77
73,roald,NO,2020-12-08 08:04:12,62.58,6.13,50.0,57,0,10.29
74,olafsvik,IS,2020-12-08 08:04:12,64.89,-23.71,35.24,90,71,8.95
75,iquitos,PE,2020-12-08 08:04:12,-3.75,-73.25,75.2,94,75,3.36
76,longyearbyen,SJ,2020-12-08 08:04:12,78.22,15.64,23.0,57,75,21.92
77,okhotsk,RU,2020-12-08 08:04:13,59.38,143.3,-6.57,85,97,15.84
78,mitsamiouli,KM,2020-12-08 08:04:13,-11.38,43.28,83.26,65,0,6.15
79,new norfolk,AU,2020-12-08 08:04:13,-42.78,147.06,62.01,66,100,4.0
80,te anau,NZ,2020-12-08 08:04:14,-45.42,167.72,51.64,73,4,7.23
81,kapaa,US,2020-12-08 08:04:14,22.08,-159.32,78.8,74,75,11.41
82,karasburg,NA,2020-12-08 08:04:14,-28.02,18.75,72.77,34,0,7.38
83,huanren,CN,2020-12-08 08:04:14,41.26,125.37,24.49,70,0,2.75
84,vaini,TO,2020-12-08 08:04:15,-21.2,-175.2,78.8,83,20,10.29
85,hilo,US,2020-12-08 08:02:38,19.73,-155.09,75.2,73,90,4.7
86,bay roberts,CA,2020-12-08 08:02:04,47.6,-53.26,37.99,93,75,19.46
87,sambava,MG,2020-12-08 08:04:15,-14.27,50.17,82.2,65,49,7.72
88,yarada,IN,2020-12-08 08:04:15,17.65,83.27,86.0,40,0,9.17
89,conceicao do araguaia,BR,2020-12-08 08:04:16,-8.26,-49.26,73.36,88,99,1.99
90,shanghai,CN,2020-12-08 08:00:14,31.22,121.46,52.0,57,75,11.18
91,kachiry,KZ,2020-12-08 08:04:16,53.07,76.1,15.1,96,100,18.72
92,salym,RU,2020-12-08 08:04:16,60.06,71.48,16.63,97,84,3.89
93,lompoc,US,2020-12-08 08:04:16,34.64,-120.46,64.4,25,1,13.87
94,road town,VG,2020-12-08 08:04:17,18.42,-64.62,75.2,83,1,4.7
95,mastic beach,US,2020-12-08 08:04:17,40.77,-72.85,33.01,75,100,5.01
96,asau,RO,2020-12-08 08:04:17,46.43,26.4,28.0,29,100,2.51
97,taoudenni,ML,2020-12-08 08:04:17,22.68,-3.98,58.1,33,0,13.69
98,cayenne,GF,2020-12-08 08:04:18,4.93,-52.33,75.2,100,89,2.24
99,khatanga,RU,2020-12-08 08:04:18,71.97,102.5,-12.46,90,100,8.55
100,ocotal,NI,2020-12-08 08:02:04,13.63,-86.48,65.12,90,8,3.27
101,margate,GB,2020-12-08 08:03:00,51.38,1.39,41.0,89,100,2.01
102,hambantota,LK,2020-12-08 08:04:18,6.12,81.12,87.8,70,40,6.93
103,port blair,IN,2020-12-08 08:04:19,11.67,92.75,82.2,68,52,12.97
104,ribeira grande,PT,2020-12-08 08:04:19,38.52,-28.7,60.8,63,75,16.11
105,port alfred,ZA,2020-12-08 08:04:19,-33.59,26.89,81.55,58,100,4.41
106,saint-georges,GD,2020-12-08 08:04:19,12.06,-61.75,77.0,83,20,10.29
107,barrow,US,2020-12-08 08:04:19,71.29,-156.79,3.2,77,90,18.34
108,nan,TH,2020-12-08 08:04:20,18.83,100.67,82.4,48,0,3.36
109,boa vista,BR,2020-12-08 08:04:20,2.82,-60.67,78.8,83,40,2.24
110,cabo san lucas,MX,2020-12-08 08:04:20,22.89,-109.91,59.0,76,97,1.99
111,christchurch,NZ,2020-12-08 08:03:19,-43.53,172.63,71.6,26,100,11.41
112,gamba,GA,2020-12-08 08:04:20,-2.65,10.0,78.84,86,100,11.05
113,ormara,PK,2020-12-08 08:04:21,25.21,64.64,78.31,58,0,5.06
114,nome,US,2020-12-08 08:04:18,64.5,-165.41,2.84,88,8,7.14
115,petrovsk-zabaykalskiy,RU,2020-12-08 08:04:21,51.27,108.84,6.39,87,97,2.91
116,sorong,ID,2020-12-08 08:02:51,-0.88,131.25,83.14,76,100,1.86
117,mogadishu,SO,2020-12-08 08:04:21,2.04,45.34,82.04,71,97,13.02
118,flin flon,CA,2020-12-08 08:04:22,54.77,-101.86,36.05,84,0,10.25
119,georgetown,MY,2020-12-08 07:59:40,5.41,100.34,89.6,66,20,9.17
120,mogadouro,PT,2020-12-08 08:04:22,41.34,-6.71,39.0,92,5,5.01
121,castro,BR,2020-12-08 08:00:46,-24.79,-50.01,59.11,98,69,2.06
122,san cristobal,VE,2020-12-08 08:04:22,7.77,-72.22,64.15,83,12,1.52
123,ulaanbaatar,MN,2020-12-08 08:04:23,47.91,106.88,-5.8,70,75,4.47
124,luan,CH,2020-12-08 08:04:23,46.36,6.98,36.0,93,47,5.73
125,aniva,RU,2020-12-08 08:04:23,46.71,142.53,23.0,85,40,11.18
126,sikonge,TZ,2020-12-08 08:04:23,-5.63,32.77,77.0,61,20,11.41
127,vostok,RU,2020-12-08 08:04:23,46.49,135.88,2.05,96,99,3.74
128,ilhabela,BR,2020-12-08 08:01:05,-23.78,-45.36,73.35,87,100,2.15
129,provideniya,RU,2020-12-08 08:04:24,64.38,-173.3,15.98,87,0,7.25
130,riyadh,SA,2020-12-08 08:04:24,24.69,46.72,60.8,55,0,3.36
131,gizo,SB,2020-12-08 08:04:24,-8.1,156.84,84.31,69,95,2.86
132,petrovskoye,RU,2020-12-08 08:04:24,57.01,39.27,21.15,91,0,5.66
133,waddan,LY,2020-12-08 08:04:25,29.16,16.14,58.37,28,0,3.56
134,korla,CN,2020-12-08 08:04:25,41.76,86.15,31.68,83,25,2.95
135,mackay,AU,2020-12-08 08:00:37,-21.15,149.2,86.0,74,94,17.22
136,suicheng,CN,2020-12-08 08:03:04,33.9,117.93,44.65,55,0,7.02
137,thinadhoo,MV,2020-12-08 08:04:25,0.53,72.93,81.9,79,97,12.53
138,kirillov,RU,2020-12-08 08:04:26,59.86,38.38,8.6,92,0,7.23
139,yar-sale,RU,2020-12-08 08:04:26,66.83,70.83,-1.19,86,65,7.34
140,cherskiy,RU,2020-12-08 08:04:26,68.75,161.3,-17.3,88,85,1.25
141,estacion coahuila,MX,2020-12-08 08:04:26,32.19,-115.0,60.8,18,1,12.75
142,lasa,IT,2020-12-08 08:04:26,46.62,10.7,36.0,92,90,5.82
143,gat,IL,2020-12-08 08:03:01,31.61,34.76,69.01,48,0,5.01
144,arraial do cabo,BR,2020-12-08 08:04:27,-22.97,-42.03,74.08,93,100,16.6
145,maxixe,MZ,2020-12-08 08:04:27,-23.86,35.35,80.6,61,75,9.17
146,chuy,UY,2020-12-08 08:04:27,-33.7,-53.46,60.46,87,42,5.77
147,souillac,MU,2020-12-08 08:04:28,-20.52,57.52,86.0,62,20,9.17
148,saldanha,ZA,2020-12-08 08:04:28,-33.01,17.94,62.6,73,40,11.41
149,flinders,AU,2020-12-08 08:04:28,-34.58,150.86,66.2,45,20,11.41
150,tuatapere,NZ,2020-12-08 08:04:28,-46.13,167.68,57.99,74,0,11.01
151,fortuna,US,2020-12-08 08:01:35,40.6,-124.16,55.0,44,97,3.04
152,mar del plata,AR,2020-12-08 08:00:26,-38.0,-57.56,62.01,93,0,3.36
153,nguruka,TZ,2020-12-08 08:01:00,-5.11,31.04,78.13,66,9,4.76
154,atbasar,KZ,2020-12-08 08:04:29,51.8,68.33,9.54,94,99,15.23
155,pisco,PE,2020-12-08 08:04:29,-13.7,-76.22,66.2,82,0,4.7
156,dodola,ET,2020-12-08 08:04:30,6.98,39.18,64.36,44,64,8.55
157,hithadhoo,MV,2020-12-08 08:04:30,-0.6,73.08,82.27,77,47,11.7
158,sulangan,PH,2020-12-08 08:04:31,11.14,123.72,84.78,75,100,6.08
159,porto novo,BJ,2020-12-08 08:01:03,6.5,2.6,77.0,94,40,4.7
160,kaura namoda,NG,2020-12-08 08:04:31,12.59,6.58,82.36,16,11,16.78
161,upernavik,GL,2020-12-08 08:04:31,72.79,-56.15,21.07,97,100,10.27
162,humberto de campos,BR,2020-12-08 08:02:19,-2.6,-43.46,77.59,85,100,6.69
163,mazyr,BY,2020-12-08 08:01:40,52.05,29.25,20.23,87,0,15.37
164,russell,US,2020-12-08 08:00:14,32.35,-85.2,35.6,80,1,5.82
165,masindi,UG,2020-12-08 08:04:32,1.67,31.71,79.11,69,4,1.86
166,srednekolymsk,RU,2020-12-08 08:04:32,67.45,153.68,-27.65,84,35,9.4
167,ulaangom,MN,2020-12-08 08:04:32,49.98,92.07,5.7,89,100,2.64
168,sretensk,RU,2020-12-08 08:04:32,52.25,117.71,7.36,91,100,3.4
169,punta de piedra,VE,2020-12-08 08:04:33,7.62,-71.49,70.18,92,64,2.3
170,alice springs,AU,2020-12-08 08:02:29,-23.7,133.88,90.0,11,0,12.75
171,grand gaube,MU,2020-12-08 08:04:33,-20.01,57.66,86.0,62,20,9.17
172,bengkulu,ID,2020-12-08 08:04:33,-3.8,102.27,82.96,75,14,7.45
173,saskylakh,RU,2020-12-08 08:04:34,71.92,114.08,-17.23,87,100,2.44
174,arrecife,ES,2020-12-08 08:00:23,28.96,-13.55,60.8,77,40,9.17
175,sao joao da barra,BR,2020-12-08 08:04:34,-21.64,-41.05,74.57,87,96,18.86
176,marawi,PH,2020-12-08 08:04:34,8.0,124.29,81.0,85,97,1.99
177,santa maria da vitoria,BR,2020-12-08 08:04:35,-13.39,-44.19,69.06,84,26,1.12
178,plettenberg bay,ZA,2020-12-08 08:04:35,-34.05,23.37,73.31,69,100,10.71
179,kudahuvadhoo,MV,2020-12-08 08:04:35,2.67,72.89,82.69,71,57,7.43
180,saint george,US,2020-12-08 08:00:28,37.1,-113.58,42.01,29,0,1.01
181,thompson,CA,2020-12-08 08:04:09,55.74,-97.86,30.2,100,75,8.05
182,pitimbu,BR,2020-12-08 08:04:36,-7.47,-34.81,73.4,100,40,2.24
183,iqaluit,CA,2020-12-08 08:04:36,63.75,-68.51,17.6,72,40,4.7
184,broome,US,2020-12-08 08:04:36,42.25,-75.83,26.01,85,90,17.22
185,san quintin,MX,2020-12-08 08:04:36,30.48,-115.95,56.39,69,42,2.17
186,samarai,PG,2020-12-08 08:04:36,-10.62,150.67,83.5,78,100,4.34
187,tibati,CM,2020-12-08 08:04:37,6.47,12.63,87.62,18,0,8.32
188,ahipara,NZ,2020-12-08 08:04:37,-35.17,173.17,64.4,89,0,7.9
189,kodiak,US,2020-12-08 08:04:37,57.79,-152.41,36.0,64,100,8.99
190,port lincoln,AU,2020-12-08 08:04:37,-34.73,135.87,60.28,60,0,10.4
191,mahebourg,MU,2020-12-08 08:04:38,-20.41,57.7,86.0,62,20,9.17
192,shelburne,CA,2020-12-08 08:04:38,44.08,-80.2,19.4,92,20,7.78
193,avarua,CK,2020-12-08 08:04:38,-21.21,-159.78,78.8,78,1,6.93
194,fort nelson,CA,2020-12-08 08:04:38,58.81,-122.7,15.8,92,5,2.24
195,bukan,IR,2020-12-08 08:04:39,36.52,46.21,32.22,92,0,3.58
196,cidreira,BR,2020-12-08 08:04:39,-30.18,-50.21,65.17,93,17,6.04
197,biak,ID,2020-12-08 08:04:39,-0.91,122.88,84.47,71,72,5.35
198,wahpeton,US,2020-12-08 08:02:34,46.27,-96.61,26.6,92,1,6.93
199,san patricio,US,2020-12-08 08:04:40,28.02,-97.52,51.8,87,20,6.93
200,hovd,MN,2020-12-08 08:04:40,48.01,91.64,7.59,86,0,1.83
201,berdigestyakh,RU,2020-12-08 08:04:40,62.1,126.7,-11.6,89,85,4.03
202,barra patuca,HN,2020-12-08 08:04:40,15.8,-84.28,76.89,85,3,11.41
203,medea,DZ,2020-12-08 08:04:41,36.26,2.75,59.0,67,20,10.29
204,strelka,RU,2020-12-08 08:04:41,58.07,93.03,10.89,93,100,12.3
205,geraldton,AU,2020-12-08 08:04:41,-28.77,114.6,80.6,61,0,21.92
206,estelle,US,2020-12-08 08:04:41,29.85,-90.11,50.0,85,0,5.91
207,batemans bay,AU,2020-12-08 08:04:41,-35.72,150.18,63.0,72,2,3.0
208,takoradi,GH,2020-12-08 08:00:06,4.88,-1.76,81.41,79,50,6.2
209,ikom,NG,2020-12-08 08:04:42,5.97,8.71,85.51,66,15,0.63
210,dikson,RU,2020-12-08 08:04:42,73.51,80.55,-6.41,92,27,7.52
211,mabaruma,GY,2020-12-08 08:04:42,8.2,-59.78,73.15,97,98,2.93
212,ikryanoye,RU,2020-12-08 08:04:42,46.09,47.73,23.0,73,0,13.42
213,inta,RU,2020-12-08 08:04:43,66.03,60.17,21.99,98,89,9.4
214,morden,CA,2020-12-08 08:03:23,49.19,-98.1,37.4,64,98,6.93
215,muzhi,RU,2020-12-08 08:04:43,65.37,64.67,3.63,95,81,0.16
216,ust-tsilma,RU,2020-12-08 08:04:43,65.44,52.15,31.05,97,100,8.37
217,marsa matruh,EG,2020-12-08 08:04:43,31.35,27.25,59.0,77,40,3.36
218,kaitangata,NZ,2020-12-08 08:04:44,-46.28,169.85,61.0,69,30,8.01
219,yatou,CN,2020-12-08 08:04:44,37.15,122.38,36.82,70,2,4.07
220,tobol,KZ,2020-12-08 08:04:44,52.68,62.58,26.31,96,100,7.67
221,naze,JP,2020-12-08 08:04:44,28.37,129.48,68.0,72,75,14.99
222,terrace,CA,2020-12-08 08:04:44,54.52,-128.6,37.4,100,90,1.43
223,slave lake,CA,2020-12-08 08:00:06,55.28,-114.77,44.6,48,40,16.11
224,vila franca do campo,PT,2020-12-08 08:04:45,37.72,-25.43,60.8,59,75,3.36
225,ballinrobe,IE,2020-12-08 08:04:45,53.63,-9.23,44.01,3,61,1.99
226,tshikapa,CD,2020-12-08 08:04:45,-6.42,20.8,80.1,79,100,1.99
227,khilok,RU,2020-12-08 08:04:45,51.37,110.47,9.1,87,100,3.27
228,sioux lookout,CA,2020-12-08 08:04:46,50.1,-91.92,26.6,100,90,8.05
229,beloha,MG,2020-12-08 08:04:46,-25.17,45.05,80.13,41,4,17.87
230,katherine,AU,2020-12-08 08:04:46,-14.47,132.27,100.4,29,100,8.05
231,kruisfontein,ZA,2020-12-08 08:04:46,-34.0,24.73,78.21,62,100,10.49
232,sao filipe,CV,2020-12-08 08:04:46,14.9,-24.5,74.39,77,100,10.2
233,saint-pierre,RE,2020-12-08 08:00:32,-21.34,55.48,84.2,70,20,13.87
234,aden,YE,2020-12-08 08:01:31,12.78,45.04,80.2,69,15,9.4
235,orlik,RU,2020-12-08 08:04:47,52.52,99.83,7.65,84,97,7.07
236,jijiga,ET,2020-12-08 08:04:47,9.35,42.8,74.23,31,78,16.67
237,bethel,US,2020-12-08 08:04:47,41.37,-73.41,28.0,76,100,4.0
238,vorontsovka,RU,2020-12-08 08:04:48,50.61,40.35,22.26,79,0,11.32
239,lebu,CL,2020-12-08 08:04:48,-37.62,-73.65,51.53,93,13,6.17
240,torbay,CA,2020-12-08 08:03:19,47.67,-52.73,37.99,93,75,19.46
241,bandarbeyla,SO,2020-12-08 08:04:48,9.49,50.81,79.77,61,47,19.01
242,noumea,NC,2020-12-08 08:03:07,-22.28,166.46,80.6,78,75,9.17
243,songea,TZ,2020-12-08 08:04:49,-10.68,35.65,78.8,65,75,11.41
244,akdagmadeni,TR,2020-12-08 08:04:49,39.66,35.88,41.4,81,100,5.61
245,carnarvon,AU,2020-12-08 08:00:12,-24.87,113.63,84.2,62,0,17.22
246,santa maria,BR,2020-12-08 08:04:50,-29.68,-53.81,59.67,95,53,2.84
247,thunder bay,CA,2020-12-08 08:01:15,48.4,-89.32,26.6,86,90,9.17
248,bredasdorp,ZA,2020-12-08 08:04:50,-34.53,20.04,71.6,73,42,6.93
249,wardenburg,DE,2020-12-08 08:04:51,53.07,8.2,41.0,96,54,1.01
250,matara,LK,2020-12-08 08:04:51,5.95,80.54,84.94,68,15,8.14
251,vaitape,PF,2020-12-08 08:04:51,-16.52,-151.75,81.37,73,100,15.48
252,north auburn,US,2020-12-08 08:04:52,38.93,-121.08,64.4,13,1,5.82
253,ponta do sol,PT,2020-12-08 08:04:52,32.67,-17.1,60.8,87,75,6.93
254,mpika,ZM,2020-12-08 08:04:52,-11.83,31.45,75.45,66,70,8.84
255,mettur,IN,2020-12-08 08:04:52,11.8,77.8,82.4,69,40,4.21
256,lukovetskiy,RU,2020-12-08 08:04:53,64.3,41.92,21.2,92,40,4.47
257,kanigiri,IN,2020-12-08 08:04:53,15.4,79.52,82.36,68,71,11.27
258,santa rita do sapucai,BR,2020-12-08 08:04:53,-22.25,-45.7,66.0,96,98,0.89
259,kabo,CF,2020-12-08 08:04:53,7.7,18.63,88.77,16,96,6.04
260,klaksvik,FO,2020-12-08 08:04:54,62.23,-6.59,39.2,86,100,21.92
261,pimentel,PE,2020-12-08 08:04:54,-6.84,-79.93,65.66,89,100,9.95
262,nakonde,ZM,2020-12-08 08:04:54,-9.34,32.74,76.24,52,64,3.15
263,pangody,RU,2020-12-08 08:04:54,65.85,74.49,-3.19,89,98,8.95
264,goderich,CA,2020-12-08 08:04:55,43.75,-81.72,21.2,92,0,2.24
265,muvattupula,IN,2020-12-08 08:04:55,9.97,76.58,93.2,46,40,8.05
266,sal rei,CV,2020-12-08 08:04:55,16.18,-22.92,71.6,68,75,12.75
267,cockburn town,TC,2020-12-08 08:04:55,21.46,-71.14,79.12,78,78,13.24
268,qaanaaq,GL,2020-12-08 08:04:55,77.48,-69.36,-2.92,87,99,3.56
269,cocobeach,GA,2020-12-08 08:04:56,1.0,9.58,78.8,88,20,4.7
270,banda aceh,ID,2020-12-08 08:04:56,5.56,95.32,83.95,73,24,13.27
271,rudnichnyy,RU,2020-12-08 08:04:56,59.62,52.47,18.32,93,0,6.98
272,airai,TL,2020-12-08 08:04:56,-8.93,125.41,69.82,91,100,3.06
273,labrea,BR,2020-12-08 08:04:56,-7.26,-64.8,73.74,95,100,0.27
274,east london,ZA,2020-12-08 08:04:57,-33.02,27.91,80.6,74,0,9.17
275,mehamn,NO,2020-12-08 08:04:57,71.04,27.85,32.0,93,40,8.05
276,poum,NC,2020-12-08 08:04:57,-20.23,164.02,80.62,80,85,14.32
277,ancud,CL,2020-12-08 08:04:57,-41.87,-73.82,53.6,100,90,9.17
278,palmeiras de goias,BR,2020-12-08 08:04:58,-16.8,-49.93,68.27,96,100,2.01
279,mugur-aksy,RU,2020-12-08 08:04:58,50.35,90.5,8.4,84,33,4.56
280,puerto escondido,MX,2020-12-08 08:04:58,15.85,-97.07,75.24,66,35,4.72
281,teguldet,RU,2020-12-08 08:04:58,57.31,88.17,10.56,94,100,11.14
282,taltal,CL,2020-12-08 08:04:59,-25.4,-70.48,58.84,81,60,2.57
283,aranos,NA,2020-12-08 08:04:59,-24.13,19.12,84.09,28,0,10.69
284,mount isa,AU,2020-12-08 08:04:59,-20.73,139.5,91.4,10,100,17.22
285,esperance,AU,2020-12-08 08:04:59,-33.87,121.9,86.0,35,0,18.34
286,rock springs,US,2020-12-08 08:00:34,41.59,-109.2,28.56,73,0,4.5
287,sawakin,SD,2020-12-08 08:03:20,19.11,37.33,81.95,51,0,15.17
288,evensk,RU,2020-12-08 08:05:00,61.95,159.23,6.82,90,98,7.34
289,swellendam,ZA,2020-12-08 08:05:00,-34.02,20.44,71.6,73,9,6.93
290,hamilton,US,2020-12-08 08:05:00,39.18,-84.53,30.99,68,90,6.93
291,tasiilaq,GL,2020-12-08 08:05:00,65.61,-37.64,17.6,61,0,3.36
292,tabou,CI,2020-12-08 08:05:01,4.42,-7.35,79.72,82,1,3.65
293,santa vitoria do palmar,BR,2020-12-08 08:00:34,-33.52,-53.37,61.34,87,37,5.91
294,ayotzintepec,MX,2020-12-08 08:05:01,17.67,-96.13,60.28,62,56,2.95
295,panjab,AF,2020-12-08 08:05:03,34.39,67.02,32.34,92,98,5.3
296,tanggu,CN,2020-12-08 08:05:04,39.02,117.65,33.8,29,0,4.47
297,villazon,BO,2020-12-08 08:01:27,-22.09,-65.59,48.42,75,15,1.39
298,rampura,IN,2020-12-08 08:05:04,30.25,75.23,82.76,18,0,3.4
299,lagoa,PT,2020-12-08 08:05:04,39.05,-27.98,60.17,73,100,17.16
300,hope,US,2020-12-08 08:00:35,33.67,-93.59,36.0,89,0,4.88
301,taicheng,CN,2020-12-08 08:05:05,38.73,113.23,24.8,72,87,1.74
302,westport,US,2020-12-08 08:05:05,41.14,-73.36,32.0,89,90,8.05
303,juneau,US,2020-12-08 08:05:05,58.3,-134.42,42.8,81,90,18.34
304,ust-karsk,RU,2020-12-08 08:05:06,52.7,118.81,8.47,90,50,5.08
305,santa maria del oro,MX,2020-12-08 08:05:06,25.93,-105.37,40.03,64,61,3.49
306,altamira,BR,2020-12-08 08:01:34,-3.2,-52.21,71.92,97,99,1.03
307,zarubino,RU,2020-12-08 08:05:06,42.63,131.09,28.8,76,0,11.07
308,talnakh,RU,2020-12-08 08:05:06,69.49,88.4,-16.6,75,40,29.08
309,pilar,BR,2020-12-08 08:05:07,-9.6,-35.96,69.8,94,20,2.24
310,bilibino,RU,2020-12-08 08:05:07,68.05,166.44,-5.4,89,47,2.53
311,faanui,PF,2020-12-08 08:05:07,-16.48,-151.75,80.55,75,100,15.28
312,namibe,AO,2020-12-08 08:05:07,-15.2,12.15,73.44,56,11,10.85
313,salalah,OM,2020-12-08 08:05:07,17.02,54.09,86.0,35,0,11.41
314,auki,SB,2020-12-08 08:05:08,-8.77,160.7,80.02,80,97,2.19
315,tashla,RU,2020-12-08 08:05:08,51.77,52.74,13.77,91,0,5.93
316,batagay-alyta,RU,2020-12-08 08:05:08,67.8,130.41,-31.38,82,16,1.28
317,damara,CF,2020-12-08 08:05:08,4.96,18.7,75.2,78,85,3.36
318,sabang,ID,2020-12-08 08:05:09,5.89,95.32,81.3,79,5,14.45
319,budelsdorf,DE,2020-12-08 08:05:09,54.32,9.68,39.99,86,75,3.36
320,saint-louis,SN,2020-12-08 08:05:09,16.33,-15.0,66.2,52,0,2.24
321,jalu,LY,2020-12-08 08:05:09,29.03,21.55,60.04,34,0,1.25
322,sorland,NO,2020-12-08 08:05:10,67.67,12.69,42.8,81,90,23.04
323,fairbanks,US,2020-12-08 08:05:10,64.84,-147.72,0.0,84,20,3.78
324,igunga,TZ,2020-12-08 08:01:49,-4.28,33.88,83.93,42,0,3.38
325,udachnyy,RU,2020-12-08 08:05:11,66.42,112.4,-20.2,82,90,4.47
326,charleston,US,2020-12-08 08:04:44,32.78,-79.93,42.8,75,90,5.82
327,kushima,JP,2020-12-08 08:05:11,31.46,131.23,60.8,48,75,9.17
328,honningsvag,NO,2020-12-08 08:05:11,70.98,25.97,32.0,86,40,8.05
329,arinos,BR,2020-12-08 08:05:11,-15.92,-46.11,70.77,88,100,1.14
330,luderitz,NA,2020-12-08 08:05:12,-26.65,15.16,68.25,61,4,6.31
331,poso,ID,2020-12-08 08:05:12,-1.4,120.75,84.24,74,100,3.89
332,lorengau,PG,2020-12-08 08:05:12,-2.02,147.27,84.16,69,97,5.48
333,leningradskiy,RU,2020-12-08 08:05:12,69.38,178.42,7.12,86,12,5.21
334,vila,PT,2020-12-08 08:05:12,42.03,-8.16,41.0,94,94,7.0
335,hasaki,JP,2020-12-08 08:05:13,35.73,140.83,54.0,66,75,8.05
336,beringovskiy,RU,2020-12-08 08:05:13,63.05,179.32,13.5,92,13,4.05
337,tura,IN,2020-12-08 08:05:13,25.52,90.22,72.32,65,68,1.88
338,jiuquan,CN,2020-12-08 08:05:13,39.74,98.52,24.73,96,100,7.43
339,katobu,ID,2020-12-08 08:05:13,-4.94,122.53,89.06,55,100,3.96
340,sitka,US,2020-12-08 08:05:14,57.05,-135.33,44.6,81,90,6.93
341,chuzhou,CN,2020-12-08 08:05:14,32.32,118.3,45.0,65,84,1.99
342,robertsport,LR,2020-12-08 08:05:14,6.75,-11.37,76.69,89,5,7.81
343,karratha,AU,2020-12-08 08:05:14,-20.74,116.85,90.61,49,85,17.49
344,mwene-ditu,CD,2020-12-08 08:05:15,-7.0,23.45,71.29,91,99,2.93
345,marrakesh,MA,2020-12-08 08:03:54,31.63,-8.01,41.0,86,0,3.36
346,bintulu,MY,2020-12-08 08:05:15,3.17,113.03,87.8,79,40,10.29
347,sokolovyy,RU,2020-12-08 08:05:15,51.57,45.83,19.24,91,0,7.61
348,nyagan,RU,2020-12-08 08:05:16,62.14,65.39,20.57,97,85,3.04
349,shimoda,JP,2020-12-08 08:05:16,34.67,138.95,59.0,58,75,6.93
350,sabzevar,IR,2020-12-08 08:05:16,36.21,57.68,42.8,63,40,4.09
351,saint-augustin,CA,2020-12-08 08:05:17,51.23,-58.65,31.23,94,98,10.87
352,okato,NZ,2020-12-08 08:05:17,-39.2,173.88,64.0,97,100,4.0
353,ambilobe,MG,2020-12-08 08:05:17,-13.2,49.05,94.33,45,20,4.5
354,trairi,BR,2020-12-08 08:05:17,-3.28,-39.27,78.49,76,100,11.39
355,show low,US,2020-12-08 08:05:18,34.25,-110.03,28.4,36,1,4.7
356,inverell,AU,2020-12-08 08:05:18,-29.78,151.12,73.0,25,0,5.01
357,biltine,TD,2020-12-08 08:05:18,14.53,20.92,89.31,12,14,22.68
358,banposh,IN,2020-12-08 08:05:18,22.25,84.8,84.29,27,0,2.86
359,praia,CV,2020-12-08 08:05:19,14.92,-23.51,73.4,69,75,14.99
360,palekh,RU,2020-12-08 08:05:19,56.8,41.86,21.94,90,30,2.26
361,half moon bay,US,2020-12-08 08:05:19,37.46,-122.43,71.6,17,1,18.34
362,scottsboro,US,2020-12-08 08:05:19,34.67,-86.03,35.6,74,90,4.7
363,san jose,US,2020-12-08 08:03:29,37.34,-121.89,57.99,39,0,1.01
364,am timan,TD,2020-12-08 08:05:20,11.03,20.28,87.64,14,0,11.86
365,ust-kuyga,RU,2020-12-08 08:05:20,70.02,135.6,-36.26,80,3,4.81
366,aksarka,RU,2020-12-08 08:05:20,66.56,67.8,-3.44,84,29,7.07
367,touros,BR,2020-12-08 08:05:20,-5.2,-35.46,71.6,94,40,4.7
368,tilichiki,RU,2020-12-08 08:05:20,60.47,166.1,9.27,96,99,3.76
369,kindu,CD,2020-12-08 08:05:21,-2.95,25.95,77.31,75,100,3.15
370,odweyne,SO,2020-12-08 08:05:21,9.41,45.06,79.9,26,75,17.65
371,hunchun,CN,2020-12-08 08:05:21,42.87,130.36,24.94,74,0,3.56
372,hikari,JP,2020-12-08 08:05:21,33.95,131.95,55.4,37,20,8.05
373,pangkalanbuun,ID,2020-12-08 08:00:38,-2.68,111.62,91.89,52,38,7.14
374,nantucket,US,2020-12-08 08:05:22,41.28,-70.1,36.0,85,100,13.0
375,lastoursville,GA,2020-12-08 08:05:22,-0.81,12.73,69.8,100,75,1.12
376,ravar,IR,2020-12-08 08:05:22,31.27,56.81,47.17,56,13,3.76
377,kovdor,RU,2020-12-08 08:05:22,67.57,30.48,30.33,99,100,2.62
378,blenheim,NZ,2020-12-08 08:05:23,-41.52,173.95,68.0,67,100,1.99
379,kabelvag,NO,2020-12-08 08:05:23,68.21,14.48,39.2,80,75,18.34
380,berezovyy,RU,2020-12-08 08:05:23,51.67,135.7,4.41,81,27,6.33
381,belmonte,BR,2020-12-08 08:05:23,-15.86,-38.88,69.8,88,0,4.7
382,nova borova,UA,2020-12-08 08:05:24,50.69,28.63,21.22,89,62,16.17
383,synya,RU,2020-12-08 08:05:24,65.37,58.04,24.94,99,92,2.82
384,yertsevo,RU,2020-12-08 08:05:24,60.8,40.09,17.62,92,73,7.54
385,linxia,CN,2020-12-08 08:05:24,35.6,103.21,36.1,75,42,3.47
386,byron bay,AU,2020-12-08 08:05:24,-28.65,153.62,77.0,61,71,13.87
387,severo-kurilsk,RU,2020-12-08 08:05:25,50.68,156.12,23.43,86,99,5.88
388,svetlyy,RU,2020-12-08 08:05:25,54.67,20.13,32.0,91,90,15.66
389,hualmay,PE,2020-12-08 08:05:25,-11.1,-77.61,66.07,83,100,5.7
390,celestun,MX,2020-12-08 08:05:25,20.87,-90.4,70.57,71,45,12.77
391,kurilsk,RU,2020-12-08 08:05:26,45.23,147.88,31.5,91,99,20.22
392,aklavik,CA,2020-12-08 08:05:26,68.22,-135.01,1.4,84,100,5.82
393,kavieng,PG,2020-12-08 08:05:26,-2.57,150.8,84.29,70,85,4.68
394,egvekinot,RU,2020-12-08 08:05:27,66.32,-179.17,4.44,83,0,4.25
395,the valley,AI,2020-12-08 08:05:27,18.22,-63.06,77.0,83,20,4.7
396,wamba,NG,2020-12-08 08:05:27,8.93,8.6,83.16,31,98,3.38
397,yulara,AU,2020-12-08 08:05:27,-25.24,130.99,93.2,8,50,14.99
398,cervo,ES,2020-12-08 08:05:27,43.67,-7.41,44.01,87,43,8.99
399,marin,US,2020-12-08 08:05:28,38.07,-122.73,41.0,56,1,2.62
400,obo,CF,2020-12-08 08:05:28,5.4,26.49,89.6,20,0,7.4
401,norman wells,CA,2020-12-08 08:05:28,65.28,-126.83,-0.4,84,90,2.06
402,itarema,BR,2020-12-08 08:05:28,-2.92,-39.92,79.09,75,100,16.4
403,vao,NC,2020-12-08 08:05:29,-22.67,167.48,77.79,88,100,15.12
404,acari,PE,2020-12-08 08:05:29,-15.43,-74.62,68.14,68,100,2.57
405,nsanje,MW,2020-12-08 08:05:29,-16.92,35.26,89.2,52,68,4.56
406,mackenzie,CA,2020-12-08 08:05:30,55.3,-123.17,32.0,91,90,3.36
407,bagojo,MX,2020-12-08 08:05:30,25.87,-109.12,58.91,47,0,1.61
408,nuuk,GL,2020-12-08 08:05:30,64.18,-51.72,21.2,57,0,10.29
409,atar,MR,2020-12-08 08:05:30,20.52,-13.05,59.36,34,61,9.17
410,mbuji-mayi,CD,2020-12-08 08:05:30,-6.15,23.6,75.29,84,97,2.98
411,leshukonskoye,RU,2020-12-08 08:05:31,64.9,45.76,25.63,97,100,8.5
412,nouadhibou,MR,2020-12-08 08:05:31,20.93,-17.03,59.0,62,0,13.87
413,muroto,JP,2020-12-08 08:05:31,33.28,134.15,59.0,47,0,10.29
414,tahta,EG,2020-12-08 08:05:32,26.77,31.5,68.0,32,0,4.7
415,rupert,US,2020-12-08 08:05:32,42.62,-113.68,26.62,85,11,4.65
416,vilyuysk,RU,2020-12-08 08:05:32,63.76,121.62,-25.55,86,100,4.38
417,taunggyi,MM,2020-12-08 08:05:32,20.78,97.03,72.14,49,77,2.46
418,alamosa,US,2020-12-08 08:05:32,37.47,-105.87,30.2,36,1,13.87
419,umm lajj,SA,2020-12-08 08:01:39,25.02,37.27,81.16,27,0,5.84
420,aquin,HT,2020-12-08 08:05:33,18.28,-73.4,74.43,82,40,1.68
421,khandyga,RU,2020-12-08 08:05:33,62.67,135.6,-20.16,88,92,2.37
422,petropavlovsk-kamchatskiy,RU,2020-12-08 08:05:33,53.05,158.65,10.4,72,39,6.71
423,solnechnyy,RU,2020-12-08 08:05:33,50.72,136.63,7.25,78,0,3.22
424,antsohihy,MG,2020-12-08 08:02:31,-14.88,47.99,98.89,41,10,3.11
425,ketchikan,US,2020-12-08 08:05:34,55.34,-131.65,44.6,93,90,12.75
426,omboue,GA,2020-12-08 08:05:34,-1.57,9.26,79.97,84,100,11.27
427,safaga,EG,2020-12-08 08:05:34,26.73,33.94,75.2,60,0,3.36
428,asyut,EG,2020-12-08 08:03:58,27.18,31.18,62.6,51,0,4.7
429,houma,US,2020-12-08 08:05:35,29.6,-90.72,41.0,93,1,5.73
430,port hedland,AU,2020-12-08 08:05:35,-20.32,118.57,91.4,55,98,28.86
431,ocampo,MX,2020-12-08 08:05:35,21.65,-101.5,45.91,65,95,4.07
432,vestmannaeyjar,IS,2020-12-08 08:05:35,63.44,-20.27,39.2,86,90,24.16
433,ngunguru,NZ,2020-12-08 08:05:36,-35.62,174.5,69.01,85,44,5.99
434,madang,PG,2020-12-08 08:05:36,-5.22,145.8,81.32,80,14,3.83
435,osorno,CL,2020-12-08 08:01:40,-40.57,-73.15,53.6,93,67,10.29
436,florianopolis,BR,2020-12-08 08:05:36,-27.61,-48.5,69.8,94,75,2.24
437,itagiba,BR,2020-12-08 08:05:36,-14.28,-39.84,67.98,91,75,0.43
438,luanda,AO,2020-12-08 08:04:48,-8.84,13.23,78.8,78,75,6.93
439,chapleau,CA,2020-12-08 08:05:37,47.84,-83.4,19.36,97,0,4.43
440,kisanga,TZ,2020-12-08 08:05:37,-7.44,37.7,90.55,49,22,4.9
441,montepuez,MZ,2020-12-08 08:05:37,-13.13,39.0,93.97,32,5,4.03
442,san martin,AR,2020-12-08 08:05:37,-33.08,-68.47,71.6,56,0,2.24
443,pacific grove,US,2020-12-08 08:05:38,36.62,-121.92,57.0,47,0,1.99
444,moose factory,CA,2020-12-08 08:05:38,51.26,-80.61,19.4,92,90,10.29
445,tucuman,AR,2020-12-08 08:02:59,-26.82,-65.22,66.2,88,0,5.82
446,yakeshi,CN,2020-12-08 08:05:38,49.28,120.73,-0.9,90,23,7.87
447,puerto madryn,AR,2020-12-08 08:05:38,-42.77,-65.04,75.38,26,100,15.86
448,yerbogachen,RU,2020-12-08 08:05:38,61.28,108.01,2.23,93,100,3.85
449,sandovo,RU,2020-12-08 08:05:39,58.46,36.41,20.35,91,0,7.78
450,wonthaggi,AU,2020-12-08 08:05:39,-38.6,145.59,60.01,66,34,14.72
451,mount gambier,AU,2020-12-08 08:05:39,-37.83,140.77,59.0,62,90,14.99
452,nicoya,CR,2020-12-08 08:05:39,10.15,-85.45,72.75,85,0,7.14
453,antofagasta,CL,2020-12-08 08:02:47,-23.65,-70.4,62.6,77,90,5.82
454,ucluelet,CA,2020-12-08 08:05:40,48.93,-125.55,52.0,93,100,9.82
455,karatau,KZ,2020-12-08 08:05:40,43.17,70.47,25.84,89,83,4.18
456,bambanglipuro,ID,2020-12-08 08:03:26,-7.95,110.28,86.13,64,57,12.08
457,nansio,TZ,2020-12-08 08:05:41,-2.13,33.05,75.2,83,75,5.82
458,yining,CN,2020-12-08 08:05:41,29.04,114.56,53.74,65,49,0.96
459,vestavia hills,US,2020-12-08 08:04:24,33.45,-86.79,32.0,83,0,4.0
460,muhos,FI,2020-12-08 08:05:41,64.81,25.99,24.01,92,0,6.93
461,abu dhabi,AE,2020-12-08 08:01:35,24.47,54.37,78.8,44,40,11.41
462,gerash,IR,2020-12-08 08:05:41,27.67,54.14,60.8,72,0,6.02
463,yuci,CN,2020-12-08 08:05:42,37.68,112.73,30.2,36,100,4.47
464,amahai,ID,2020-12-08 08:05:42,-3.33,128.92,83.23,75,100,1.81
465,shitkino,RU,2020-12-08 08:05:42,56.37,98.35,16.0,94,100,13.78
466,champlin,US,2020-12-08 08:05:42,45.19,-93.4,30.99,92,90,6.93
467,nabire,ID,2020-12-08 08:05:43,-3.37,135.48,82.11,73,100,1.59
468,yamada,JP,2020-12-08 08:05:43,39.47,141.95,39.16,70,5,6.49
469,kyzyl,RU,2020-12-08 08:05:43,51.7,94.45,-3.01,89,100,0.51
470,asosa,ET,2020-12-08 08:05:43,10.07,34.53,85.62,26,64,4.56
471,praya,CV,2020-12-08 08:05:43,14.92,-23.51,73.4,69,75,14.99
472,coxim,BR,2020-12-08 08:05:44,-18.51,-54.76,72.46,75,58,1.16
473,kamenka,RU,2020-12-08 08:05:44,51.32,42.77,21.0,72,0,9.15
474,fehervarcsurgo,HU,2020-12-08 08:05:44,47.29,18.26,37.4,100,90,17.22
475,znamenskoye,RU,2020-12-08 08:05:45,57.13,73.83,21.34,97,98,4.9
476,nizwa,OM,2020-12-08 08:05:45,22.93,57.53,84.72,18,0,15.9
477,sandnessjoen,NO,2020-12-08 08:05:45,66.02,12.63,44.6,52,0,17.22
478,ishigaki,JP,2020-12-08 08:05:45,24.34,124.16,71.6,100,75,16.11
479,challapata,BO,2020-12-08 08:05:46,-18.9,-66.77,50.95,46,100,2.35
480,uitenhage,ZA,2020-12-08 08:05:46,-33.76,25.4,73.4,78,20,10.29
481,devils lake,US,2020-12-08 08:05:46,48.11,-98.87,32.0,80,93,5.01
482,zhezkazgan,KZ,2020-12-08 08:05:46,47.8,67.71,3.2,84,75,4.47
483,paamiut,GL,2020-12-08 08:05:47,61.99,-49.67,28.18,80,0,9.22
484,susanville,US,2020-12-08 08:05:47,40.42,-120.65,26.6,79,1,4.7
485,kismayo,SO,2020-12-08 08:05:47,-0.36,42.55,86.34,61,14,8.77
486,meulaboh,ID,2020-12-08 08:05:47,4.14,96.13,84.16,69,93,5.82
487,uyuni,BO,2020-12-08 08:05:48,-20.46,-66.83,45.97,45,75,7.2
488,fare,PF,2020-12-08 08:05:48,-16.7,-151.02,79.39,79,99,21.59
489,san vicente,AR,2020-12-08 08:05:48,-26.62,-54.13,57.72,96,0,1.68
490,naron,ES,2020-12-08 08:05:48,43.52,-8.15,51.01,81,75,11.41
491,okakarara,NA,2020-12-08 08:05:49,-20.58,17.43,82.92,31,0,5.93
492,torrevieja,ES,2020-12-08 08:05:49,37.98,-0.68,52.0,61,95,11.01
493,acapulco,MX,2020-12-08 08:04:40,16.86,-99.89,75.74,81,0,4.63
494,turukhansk,RU,2020-12-08 08:05:49,65.82,87.98,-16.74,89,100,6.44
495,marystown,CA,2020-12-08 08:05:49,47.17,-55.15,40.1,82,84,11.72
496,langxiang,CN,2020-12-08 08:05:50,46.95,128.88,11.62,85,0,3.44
497,gao,ML,2020-12-08 08:05:50,16.64,1.64,77.41,23,41,14.0
498,chapais,CA,2020-12-08 08:05:50,49.78,-74.85,3.2,84,90,3.36
499,cabedelo,BR,2020-12-08 08:05:51,-6.98,-34.83,73.4,100,40,2.24
500,jieshi,CN,2020-12-08 08:05:51,22.81,115.83,71.01,61,92,1.99
501,aasiaat,GL,2020-12-08 08:05:51,68.71,-52.87,19.54,89,100,11.7
502,san angelo,US,2020-12-08 08:05:52,31.46,-100.44,39.2,60,1,6.93
503,bousse,BF,2020-12-08 08:05:52,12.66,-1.89,73.4,38,9,4.7
504,vallenar,CL,2020-12-08 08:05:52,-28.57,-70.76,56.95,74,0,1.66
505,muros,ES,2020-12-08 08:05:53,42.78,-9.06,45.0,93,28,1.01
506,lumphat,KH,2020-12-08 08:05:53,13.49,106.98,87.06,49,15,2.01
507,ko samui,TH,2020-12-08 08:05:53,9.54,99.94,89.6,62,20,11.41
508,mahajanga,MG,2020-12-08 08:05:53,-15.72,46.32,91.4,59,20,4.7
509,gladstone,AU,2020-12-08 08:05:54,-23.85,151.25,80.6,74,75,5.82
510,ursulo galvan,MX,2020-12-08 08:05:54,22.73,-98.3,57.0,63,6,4.36
511,calama,CL,2020-12-08 08:05:54,-22.47,-68.93,48.2,31,0,17.22
512,nanortalik,GL,2020-12-08 08:05:54,60.14,-45.24,30.96,89,99,9.15
513,loncoche,CL,2020-12-08 08:05:54,-39.37,-72.63,55.4,93,90,10.29
514,sobolevo,RU,2020-12-08 08:05:55,54.43,31.9,20.23,89,0,13.31
515,tessalit,ML,2020-12-08 08:05:55,20.2,1.01,66.94,25,0,10.4
516,bahia blanca,AR,2020-12-08 08:05:55,-38.72,-62.27,72.5,35,0,18.57
517,borogontsy,RU,2020-12-08 08:05:55,62.67,131.17,-25.06,86,70,4.52
518,toktogul,KG,2020-12-08 08:05:55,41.87,72.94,33.76,85,92,1.23
519,chifeng,CN,2020-12-08 08:03:32,42.27,118.96,11.37,86,16,3.87
520,maceio,BR,2020-12-08 08:05:56,-9.67,-35.74,69.8,94,20,2.24
521,vanavara,RU,2020-12-08 08:05:56,60.34,102.28,8.01,94,100,8.34
522,jian,CN,2020-12-08 08:05:56,27.12,114.98,57.7,56,29,8.03
523,shingu,JP,2020-12-08 08:05:56,33.73,135.98,55.4,47,20,14.99
524,general higinio morinigo,PY,2020-12-08 08:05:57,-25.95,-55.92,58.03,94,0,1.12
525,syumsi,RU,2020-12-08 08:05:57,57.11,51.61,19.35,91,0,6.49
526,verkhoyansk,RU,2020-12-08 08:05:57,67.54,133.38,-39.46,75,29,0.89
527,nemuro,JP,2020-12-08 08:05:48,43.32,145.57,30.2,58,20,5.82
528,montrose,US,2020-12-08 08:05:58,38.42,-108.27,28.99,48,0,4.0
529,kaeo,NZ,2020-12-08 08:05:58,-35.1,173.78,69.01,85,5,5.99
530,rassvet,RU,2020-12-08 08:05:58,46.83,40.75,24.8,84,0,18.95
531,gwembe,ZM,2020-12-08 08:05:58,-16.5,27.61,66.56,96,100,7.11
532,broken hill,AU,2020-12-08 08:05:59,-31.95,141.43,73.4,23,0,12.75
533,constitucion,CL,2020-12-08 08:05:59,-35.33,-72.42,50.41,80,0,6.51
534,kasongo-lunda,CD,2020-12-08 08:05:59,-6.47,16.82,76.93,81,100,3.78
535,halifax,CA,2020-12-08 08:03:46,44.65,-63.57,32.0,91,100,3.36
536,burnie,AU,2020-12-08 08:06:00,-41.07,145.92,62.01,79,98,7.0
537,komsomolskiy,UZ,2020-12-08 08:06:00,40.43,71.72,39.2,69,67,4.7
538,barbastro,ES,2020-12-08 08:06:00,42.04,0.13,39.2,86,20,14.99
539,lusaka,ZM,2020-12-08 08:03:24,-15.41,28.29,69.8,94,90,3.36
540,shakawe,BW,2020-12-08 08:06:01,-18.37,21.85,80.38,59,96,8.39
541,puerto el triunfo,SV,2020-12-08 08:06:01,13.28,-88.55,75.2,73,0,4.7
542,sun valley,US,2020-12-08 08:06:01,39.6,-119.78,30.99,79,1,3.36
543,ialibu,PG,2020-12-08 08:06:01,-6.28,143.99,59.52,98,100,1.19
544,panama city,PA,2020-12-08 08:01:02,8.99,-79.52,77.0,100,100,4.7
545,meadow lake,US,2020-12-08 08:06:02,34.8,-106.54,36.0,67,1,1.14
546,buraydah,SA,2020-12-08 08:06:03,26.33,43.98,59.0,87,0,9.17
547,najran,SA,2020-12-08 08:06:03,17.49,44.13,66.2,42,0,6.93
548,giddarbaha,IN,2020-12-08 08:03:34,30.2,74.67,84.29,17,0,1.74
549,kargasok,RU,2020-12-08 08:06:04,59.06,80.86,8.13,94,47,9.4
550,puerto narino,CO,2020-12-08 08:06:04,-3.77,-70.38,75.2,100,75,1.99
551,salisbury,GB,2020-12-08 08:01:17,51.07,-1.8,30.99,92,40,5.26
552,bar-le-duc,FR,2020-12-08 08:06:04,48.75,5.17,35.6,100,100,3.36
553,izazi,TZ,2020-12-08 08:06:04,-7.2,35.73,82.4,42,20,10.29
554,kulhudhuffushi,MV,2020-12-08 08:06:05,6.62,73.07,82.45,78,0,13.09
