City_ID,City,Country,Date,Lat,Lng,Max Temp,Humidity,Cloudiness,Wind Speed,Current Description,Rain inches (last 3 hrs),Snow inches (last 3 hrs)
0,Hobart,AU,2020-12-09 18:45:05,-42.88,147.33,48.2,61,40,14.99,scattered clouds,0,0
1,Nikolskoye,RU,2020-12-09 18:48:37,59.7,30.79,24.01,67,0,6.71,clear sky,0,0
2,Tezu,IN,2020-12-09 18:48:37,27.92,96.17,60.37,57,3,2.8,clear sky,0,0
3,Lorengau,PG,2020-12-09 18:48:37,-2.02,147.27,82.72,68,100,4.05,overcast clouds,0,0
4,Iqaluit,CA,2020-12-09 18:48:37,63.75,-68.51,23.0,73,75,16.11,broken clouds,0,0
5,Awbari,LY,2020-12-09 18:48:37,26.59,12.78,54.21,41,0,4.29,clear sky,0,0
6,Atuona,PF,2020-12-09 18:48:38,-9.8,-139.03,78.53,74,0,20.85,clear sky,0,0
7,Victoria,HK,2020-12-09 18:45:35,22.29,114.16,66.0,83,88,7.0,overcast clouds,0,0
8,Praya,CV,2020-12-09 18:48:38,14.92,-23.51,75.2,64,75,17.22,broken clouds,0,0
9,Bengkulu,ID,2020-12-09 18:48:38,-3.8,102.27,74.52,89,100,5.41,overcast clouds,0,0
10,Copala,MX,2020-12-09 18:48:38,16.65,-98.98,85.71,58,0,7.9,clear sky,0,0
11,Saint-Philippe,RE,2020-12-09 18:48:39,-21.36,55.77,75.2,73,75,21.92,light rain,0,0
12,Bitkine,TD,2020-12-09 18:48:39,11.98,18.21,79.88,16,100,6.29,overcast clouds,0,0
13,Pontevedra,ES,2020-12-09 18:47:47,42.43,-8.64,57.99,100,90,10.29,fog,0,0
14,Lebu,CL,2020-12-09 18:48:39,-37.62,-73.65,59.65,63,0,16.98,clear sky,0,0
15,Necochea,AR,2020-12-09 18:44:26,-38.55,-58.74,73.99,47,0,14.07,clear sky,0,0
16,Mataura,NZ,2020-12-09 18:48:40,-46.19,168.86,57.0,91,97,2.84,overcast clouds,0,0
17,Ushuaia,AR,2020-12-09 18:46:40,-54.8,-68.3,53.6,71,75,6.93,shower rain,0,0
18,Leningradskiy,RU,2020-12-09 18:48:40,69.38,178.42,-1.68,86,34,4.88,scattered clouds,0,0
19,Jamestown,US,2020-12-09 18:46:32,42.1,-79.24,34.0,100,90,14.52,light snow,0,0
20,Cabo San Lucas,MX,2020-12-09 18:48:40,22.89,-109.91,82.4,42,75,11.41,broken clouds,0,0
21,Cape Town,ZA,2020-12-09 18:47:44,-33.93,18.42,66.2,77,20,13.87,few clouds,0,0
22,Nanakuli,US,2020-12-09 18:48:41,21.39,-158.15,75.2,88,90,4.7,light rain,0,0
23,Karlskrona,SE,2020-12-09 18:48:41,56.16,15.59,39.2,93,75,13.87,broken clouds,0,0
24,Avera,US,2020-12-09 18:48:41,33.19,-82.53,59.0,47,1,8.05,clear sky,0,0
25,The Valley,AI,2020-12-09 18:48:41,18.22,-63.06,82.0,78,75,6.93,broken clouds,0,0
26,Sulangan,PH,2020-12-09 18:48:42,11.14,123.72,81.27,78,34,6.04,scattered clouds,0,0
27,Busselton,AU,2020-12-09 18:48:42,-33.65,115.33,62.01,89,0,1.99,clear sky,0,0
28,Lagoa,PT,2020-12-09 18:48:42,39.05,-27.98,62.82,89,100,21.52,overcast clouds,0,0
29,Albany,US,2020-12-09 18:43:51,42.6,-73.97,32.0,74,100,3.67,overcast clouds,0,0
30,Upernavik,GL,2020-12-09 18:48:42,72.79,-56.15,23.67,96,100,8.86,overcast clouds,0,0
31,Dejen,ET,2020-12-09 18:48:42,10.17,38.13,55.83,43,0,4.63,clear sky,0,0
32,Salinas,US,2020-12-09 18:48:43,36.68,-121.66,55.4,30,1,12.75,clear sky,0,0
33,Am Timan,TD,2020-12-09 18:48:43,11.03,20.28,78.39,18,78,2.84,broken clouds,0,0
34,Wanning,CN,2020-12-09 18:48:43,18.8,110.4,68.59,90,100,11.07,overcast clouds,0,0
35,Havre-Saint-Pierre,CA,2020-12-09 18:48:44,50.23,-63.6,33.8,69,90,9.17,overcast clouds,0,0
36,Mahebourg,MU,2020-12-09 18:48:44,-20.41,57.7,75.2,83,75,16.11,shower rain,0,0
37,Vanavara,RU,2020-12-09 18:48:44,60.34,102.28,-10.95,89,100,5.75,overcast clouds,0,0
38,Rikitea,PF,2020-12-09 18:48:45,-23.12,-134.97,77.5,77,0,16.06,clear sky,0,0
39,Qaanaaq,GL,2020-12-09 18:48:45,77.48,-69.36,1.17,86,100,3.06,overcast clouds,0,0
40,Arlit,NE,2020-12-09 18:48:45,18.74,7.39,82.63,15,0,8.77,clear sky,0,0
41,San Juan,AR,2020-12-09 18:48:15,-31.54,-68.54,92.39,16,0,6.89,clear sky,0,0
42,Torbay,CA,2020-12-09 18:48:45,47.67,-52.73,39.0,93,90,32.21,overcast clouds,0,0
43,Mount Gambier,AU,2020-12-09 18:48:46,-37.83,140.77,53.6,93,75,14.99,mist,0,0
44,Cabra,ES,2020-12-09 18:48:46,37.47,-4.44,48.0,74,82,2.93,broken clouds,0,0
45,Sao Domingos,BR,2020-12-09 18:48:46,-13.4,-46.32,79.32,70,100,3.02,heavy intensity rain,0,0
46,Kizel,RU,2020-12-09 18:48:46,59.05,57.65,5.0,88,100,3.33,overcast clouds,0,0
47,Norman Wells,CA,2020-12-09 18:48:46,65.28,-126.83,3.2,84,90,6.93,light snow,0,0
48,Tiksi,RU,2020-12-09 18:48:47,71.69,128.87,-14.96,88,100,13.31,overcast clouds,0,0
49,Westport,US,2020-12-09 18:45:11,41.14,-73.36,39.2,55,90,9.17,overcast clouds,0,0
50,Airai,TL,2020-12-09 18:48:47,-8.93,125.41,62.89,98,100,1.7,overcast clouds,0,0
51,Barrow,US,2020-12-09 18:48:48,71.29,-156.79,-9.4,76,1,17.22,clear sky,0,0
52,Bluff,NZ,2020-12-09 18:48:48,-46.6,168.33,57.0,91,100,7.83,overcast clouds,0,0
53,Vaini,TO,2020-12-09 18:48:48,-21.2,-175.2,78.8,88,75,12.75,broken clouds,0,0
54,Opuwo,NA,2020-12-09 18:48:48,-18.06,13.84,76.01,23,73,10.8,broken clouds,0,0
55,Vila Franca Do Campo,PT,2020-12-09 18:48:48,37.72,-25.43,60.8,87,20,12.75,few clouds,0,0
56,Saskylakh,RU,2020-12-09 18:48:49,71.92,114.08,-17.41,87,100,11.68,overcast clouds,0,0
57,Kopavogur,IS,2020-12-09 18:48:49,64.11,-21.91,35.6,69,0,4.7,clear sky,0,0
58,Mount Isa,AU,2020-12-09 18:48:49,-20.73,139.5,84.2,11,100,8.05,overcast clouds,0,0
59,Punta Arenas,CL,2020-12-09 18:46:30,-53.15,-70.92,57.2,47,75,14.99,broken clouds,0,0
60,Ribeira Grande,PT,2020-12-09 18:48:49,38.52,-28.7,64.4,88,75,11.41,broken clouds,0,0
61,Gejiu,CN,2020-12-09 18:48:50,23.31,103.16,45.18,100,53,3.22,broken clouds,0,0
62,Yellowknife,CA,2020-12-09 18:44:59,62.46,-114.35,3.2,84,75,4.7,broken clouds,0,0
63,Khasan,RU,2020-12-09 18:48:50,42.43,130.64,29.62,88,70,3.02,broken clouds,0,0
64,Hasaki,JP,2020-12-09 18:48:50,35.73,140.83,46.4,75,75,9.17,broken clouds,0,0
65,Avarua,CK,2020-12-09 18:48:50,-21.21,-159.78,80.6,78,5,6.93,clear sky,0,0
66,Skelleftea,SE,2020-12-09 18:45:50,64.75,20.95,35.01,87,90,13.87,overcast clouds,0,0
67,Clyde River,CA,2020-12-09 18:48:51,70.47,-68.59,8.6,100,90,2.24,light snow,0,0
68,Coihueco,CL,2020-12-09 18:44:20,-36.62,-71.83,84.2,23,0,10.29,clear sky,0,0
69,Klaksvik,FO,2020-12-09 18:48:51,62.23,-6.59,47.01,89,100,26.08,light rain,0,0
70,Saldanha,ZA,2020-12-09 18:45:48,-33.01,17.94,66.2,77,100,12.75,overcast clouds,0,0
71,Lata,PT,2020-12-09 18:48:52,40.16,-8.33,51.8,93,40,3.36,scattered clouds,0,0
72,Unity,CA,2020-12-09 18:48:52,52.45,-109.17,31.68,97,100,8.55,overcast clouds,0,0
73,Hvide Sande,DK,2020-12-09 18:48:52,56.0,8.13,41.0,82,100,9.06,overcast clouds,0,0
74,Alugan,PH,2020-12-09 18:48:52,12.22,125.48,80.38,85,100,8.81,overcast clouds,0,0
75,Vrangel,RU,2020-12-09 18:48:53,42.73,133.08,29.52,82,90,4.09,overcast clouds,0,0
76,Kruisfontein,ZA,2020-12-09 18:48:53,-34.0,24.73,66.0,93,100,7.65,light rain,0,0
77,Georgetown,MY,2020-12-09 18:47:56,5.41,100.34,80.6,83,20,4.7,few clouds,0,0
78,Sofiyivka,UA,2020-12-09 18:48:53,48.05,33.87,26.6,73,0,6.71,clear sky,0,0
79,Flinders,AU,2020-12-09 18:48:53,-34.58,150.86,60.01,80,92,1.01,overcast clouds,0,0
80,Geraldton,AU,2020-12-09 18:48:53,-28.77,114.6,68.0,82,90,6.93,overcast clouds,0,0
81,Mehamn,NO,2020-12-09 18:48:54,71.04,27.85,35.6,80,75,13.87,broken clouds,0,0
82,Byron Bay,AU,2020-12-09 18:48:54,-28.65,153.62,66.2,93,90,4.09,overcast clouds,0,0
83,Faanui,PF,2020-12-09 18:48:54,-16.48,-151.75,79.45,73,100,15.12,light rain,0,0
84,Bambanglipuro,ID,2020-12-09 18:48:54,-7.95,110.28,78.4,85,99,11.34,overcast clouds,0,0
85,New Norfolk,AU,2020-12-09 18:48:55,-42.78,147.06,46.99,63,0,4.0,clear sky,0,0
86,Talcahuano,CL,2020-12-09 18:44:28,-36.72,-73.12,69.8,49,0,17.22,clear sky,0,0
87,Kapaa,US,2020-12-09 18:48:55,22.08,-159.32,73.99,94,20,4.7,light rain,0,0
88,Luderitz,NA,2020-12-09 18:48:55,-26.65,15.16,63.01,80,0,14.76,clear sky,0,0
89,Hami,CN,2020-12-09 18:48:56,42.8,93.45,17.8,86,0,2.82,clear sky,0,0
90,East London,ZA,2020-12-09 18:48:56,-33.02,27.91,69.8,77,0,5.82,clear sky,0,0
91,Dikson,RU,2020-12-09 18:48:56,73.51,80.55,-11.29,87,0,5.91,clear sky,0,0
92,Kuandian,CN,2020-12-09 18:48:56,40.73,124.78,28.81,98,86,2.8,overcast clouds,0,0
93,Xuddur,SO,2020-12-09 18:48:56,4.12,43.89,78.66,30,9,9.57,clear sky,0,0
94,Sarankhola,BD,2020-12-09 18:48:56,22.31,89.79,63.77,72,40,0.92,scattered clouds,0,0
95,Key Largo,US,2020-12-09 18:46:49,25.09,-80.45,63.0,53,0,11.41,clear sky,0,0
96,Fare,PF,2020-12-09 18:48:57,-16.7,-151.02,80.78,74,100,18.66,moderate rain,0,0
97,Ponta Do Sol,PT,2020-12-09 18:48:57,32.67,-17.1,60.8,87,40,10.29,light intensity shower rain,0,0
98,Kerchevskiy,RU,2020-12-09 18:48:57,59.95,56.29,5.45,95,93,3.62,overcast clouds,0,0
99,Ardakan,IR,2020-12-09 18:48:58,32.31,54.02,44.6,75,0,4.7,clear sky,0,0
100,Urbano Santos,BR,2020-12-09 18:48:58,-3.21,-43.4,85.82,61,96,6.17,overcast clouds,0,0
101,Bonthe,SL,2020-12-09 18:48:58,7.53,-12.51,79.99,82,100,4.54,light rain,0,0
102,Pevek,RU,2020-12-09 18:48:58,69.7,170.31,-6.61,91,39,4.25,scattered clouds,0,0
103,Sao Filipe,CV,2020-12-09 18:48:58,14.9,-24.5,75.54,73,63,12.28,broken clouds,0,0
104,Alofi,NU,2020-12-09 18:48:59,-19.06,-169.92,78.8,83,1,13.87,clear sky,0,0
105,Tasiilaq,GL,2020-12-09 18:48:59,65.61,-37.64,14.0,51,5,2.24,clear sky,0,0
106,Bilibino,RU,2020-12-09 18:48:59,68.05,166.44,-10.7,87,37,3.13,scattered clouds,0,0
107,Hermanus,ZA,2020-12-09 18:48:59,-34.42,19.23,64.99,88,100,1.77,overcast clouds,0,0
108,Bahia Honda,CU,2020-12-09 18:48:59,22.9,-83.16,70.86,58,19,11.32,few clouds,0,0
109,Bredasdorp,ZA,2020-12-09 18:49:00,-34.53,20.04,64.4,82,100,4.7,overcast clouds,0,0
110,Lavrentiya,RU,2020-12-09 18:49:00,65.58,-171.0,7.43,89,0,7.47,clear sky,0,0
111,Kroya,ID,2020-12-09 18:49:00,-7.63,109.25,78.64,82,82,7.49,broken clouds,0,0
112,Mogwase,ZA,2020-12-09 18:49:00,-25.18,27.27,75.47,53,30,6.44,scattered clouds,0,0
113,Bubaque,GW,2020-12-09 18:49:00,11.28,-15.83,83.62,64,36,17.27,scattered clouds,0,0
114,Haines Junction,CA,2020-12-09 18:49:01,60.75,-137.51,5.0,84,100,2.24,overcast clouds,0,0
115,Namatanai,PG,2020-12-09 18:49:01,-3.67,152.43,79.43,78,100,3.85,light rain,0,0
116,Roald,NO,2020-12-09 18:49:01,62.58,6.13,41.0,62,0,11.41,clear sky,0,0
117,Nome,US,2020-12-09 18:49:01,64.5,-165.41,6.8,84,90,12.75,light snow,0,0
118,Akhtanizovskaya,RU,2020-12-09 18:49:01,45.32,37.1,41.0,86,75,4.47,broken clouds,0,0
119,Gomel,BY,2020-12-09 18:48:01,52.43,30.98,21.2,67,0,8.95,clear sky,0,0
120,Kropotkin,RU,2020-12-09 18:49:02,45.44,40.58,36.09,82,88,13.22,light rain,0,0
121,Northam,GB,2020-12-09 18:49:02,51.03,-4.22,46.99,93,100,11.99,light rain,0,0
122,Ostrovnoy,RU,2020-12-09 18:49:02,68.05,39.51,24.37,92,9,28.77,clear sky,0,0
123,Curumani,CO,2020-12-09 18:44:07,9.2,-73.54,85.57,73,100,0.81,light rain,0,0
124,Noumea,NC,2020-12-09 18:49:03,-22.28,166.46,80.01,94,0,3.36,clear sky,0,0
125,Champerico,GT,2020-12-09 18:49:03,14.3,-91.92,89.6,55,0,6.93,clear sky,0,0
126,Yetkul,RU,2020-12-09 18:49:03,54.82,61.59,10.4,78,0,8.95,clear sky,0,0
127,Skjervoy,NO,2020-12-09 18:49:03,70.03,20.97,37.4,74,75,4.7,light rain,0,0
128,Kutahya,TR,2020-12-09 18:48:38,39.42,29.98,44.6,75,0,9.17,clear sky,0,0
129,Ilulissat,GL,2020-12-09 18:49:04,69.22,-51.1,21.2,44,75,11.41,broken clouds,0,0
130,Korla,CN,2020-12-09 18:49:04,41.76,86.15,22.69,90,52,2.33,broken clouds,0,0
131,Coihaique,CL,2020-12-09 18:49:04,-45.58,-72.07,59.0,51,75,10.29,broken clouds,0,0
132,Puerto Ayora,EC,2020-12-09 18:49:04,-0.74,-90.35,77.0,78,75,17.22,broken clouds,0,0
133,Hilo,US,2020-12-09 18:49:05,19.73,-155.09,75.0,68,1,6.93,clear sky,0,0
134,Burnie,AU,2020-12-09 18:48:11,-41.07,145.92,48.99,71,0,13.0,clear sky,0,0
135,Praia Da Vitoria,PT,2020-12-09 18:47:10,38.73,-27.07,64.4,88,20,7.96,few clouds,0,0
136,Chuy,UY,2020-12-09 18:49:05,-33.7,-53.46,75.9,57,0,9.01,clear sky,0,0
137,Bethel,US,2020-12-09 18:48:39,41.37,-73.41,35.6,69,90,10.29,haze,0,0
138,Shalakusha,RU,2020-12-09 18:49:06,62.22,40.25,19.53,91,0,5.75,clear sky,0,0
139,Kamenka,RU,2020-12-09 18:49:06,51.32,42.77,17.19,91,0,8.05,clear sky,0,0
140,Talnakh,RU,2020-12-09 18:49:06,69.49,88.4,-9.4,69,0,8.95,clear sky,0,0
141,Bambous Virieux,MU,2020-12-09 18:49:06,-20.34,57.76,75.2,83,75,16.11,shower rain,0,0
142,Eureka,US,2020-12-09 18:49:07,40.8,-124.16,53.01,97,100,1.01,overcast clouds,0,0
143,Bucerias,MX,2020-12-09 18:49:07,20.75,-105.33,80.6,65,5,4.7,clear sky,0,0
144,Chinhoyi,ZW,2020-12-09 18:49:07,-17.37,30.2,68.32,81,100,4.34,overcast clouds,0,0
145,Saint-Francois,FR,2020-12-09 18:49:07,46.42,3.91,39.99,100,90,1.12,overcast clouds,0,0
146,Butaritari,KI,2020-12-09 18:49:07,3.07,172.79,81.52,77,100,8.23,moderate rain,0,0
147,Yar-Sale,RU,2020-12-09 18:49:08,66.83,70.83,19.74,93,0,21.09,clear sky,0,0
148,Loncoche,CL,2020-12-09 18:49:08,-39.37,-72.63,73.4,46,20,6.93,few clouds,0,0
149,Provideniya,RU,2020-12-09 18:49:08,64.38,-173.3,7.79,82,0,5.23,clear sky,0,0
150,Port Hardy,CA,2020-12-09 18:49:08,50.7,-127.42,44.6,87,75,8.05,broken clouds,0,0
151,Nacozari,MX,2020-12-09 18:49:08,25.34,-108.26,82.0,50,33,3.0,scattered clouds,0,0
152,Salalah,OM,2020-12-09 18:45:52,17.02,54.09,77.0,20,0,13.87,clear sky,0,0
153,Ahipara,NZ,2020-12-09 18:49:09,-35.17,173.17,64.38,87,20,14.58,few clouds,0,0
154,Fairbanks,US,2020-12-09 18:44:52,64.84,-147.72,7.0,76,75,4.7,broken clouds,0,0
155,Petauke,ZM,2020-12-09 18:49:09,-14.24,31.33,69.76,86,61,8.43,light rain,0,0
156,Palmas Bellas,PA,2020-12-09 18:49:10,9.23,-80.09,79.0,85,99,11.01,overcast clouds,0,0
157,Castro,BR,2020-12-09 18:49:10,-24.79,-50.01,77.05,58,77,5.91,moderate rain,0,0
158,Longyearbyen,SJ,2020-12-09 18:46:49,78.22,15.64,26.6,79,75,12.75,broken clouds,0,0
159,Araioses,BR,2020-12-09 18:49:10,-2.89,-41.9,87.8,66,20,13.98,few clouds,0,0
160,Kaeo,NZ,2020-12-09 18:49:10,-35.1,173.78,66.0,88,5,7.0,clear sky,0,0
161,Porbandar,IN,2020-12-09 18:49:11,21.64,69.61,74.53,61,100,8.23,overcast clouds,0,0
162,Vao,NC,2020-12-09 18:49:11,-22.67,167.48,77.67,86,14,15.99,few clouds,0,0
163,Bo Phloi,TH,2020-12-09 18:49:11,14.32,99.52,67.3,83,0,3.78,clear sky,0,0
164,Kaitangata,NZ,2020-12-09 18:49:12,-46.28,169.85,57.99,82,78,1.01,broken clouds,0,0
165,Raduzhnyy,RU,2020-12-09 18:49:12,62.1,77.47,6.48,95,100,8.46,light snow,0,0
166,Aykhal,RU,2020-12-09 18:49:12,66.0,111.5,-40.0,58,0,4.47,clear sky,0,0
167,Lambarene,GA,2020-12-09 18:49:13,-0.7,10.24,76.69,91,100,4.94,light rain,0,0
168,Kisangani,CD,2020-12-09 18:49:13,0.52,25.2,71.94,93,57,2.55,broken clouds,0,0
169,Macamic,CA,2020-12-09 18:49:13,48.75,-79.0,32.0,98,90,5.82,light snow,0,0
170,Mar Del Plata,AR,2020-12-09 18:47:16,-38.0,-57.56,78.8,27,0,17.22,clear sky,0,0
171,Hanmer Springs,NZ,2020-12-09 18:49:13,-42.52,172.82,59.86,65,100,2.17,moderate rain,0,0
172,Channel-Port Aux Basques,CA,2020-12-09 18:49:14,47.57,-59.14,35.6,86,100,21.83,overcast clouds,0,0
173,Roma,US,2020-12-09 18:49:14,43.21,-75.46,35.01,86,90,9.71,snow,0,0
174,Keta,GH,2020-12-09 18:49:14,5.92,0.99,82.4,78,20,9.17,few clouds,0,0
175,Chokurdakh,RU,2020-12-09 18:49:14,70.63,147.92,-29.65,83,76,2.13,broken clouds,0,0
176,Ferrol,ES,2020-12-09 18:49:15,43.48,-8.24,57.0,87,75,19.46,light rain,0,0
177,Goderich,CA,2020-12-09 18:45:01,43.75,-81.72,39.2,80,100,13.87,overcast clouds,0,0
178,Kuopio,FI,2020-12-09 18:49:15,62.89,27.68,24.8,85,90,9.17,overcast clouds,0,0
179,Porto Santo,PT,2020-12-09 18:49:15,33.07,-16.34,62.6,77,40,10.29,light intensity drizzle,0,0
180,Kidal,ML,2020-12-09 18:49:16,18.44,1.41,78.57,19,0,11.7,clear sky,0,0
181,Tzaneen,ZA,2020-12-09 18:49:16,-23.83,30.16,69.8,60,0,6.93,clear sky,0,0
182,Hervey Bay,AU,2020-12-09 18:49:16,-25.3,152.85,68.0,81,0,1.01,clear sky,0,0
183,Sao Joao Da Barra,BR,2020-12-09 18:48:19,-21.64,-41.05,80.6,78,90,11.41,moderate rain,0,0
184,Namibe,AO,2020-12-09 18:49:16,-15.2,12.15,67.03,78,100,10.4,overcast clouds,0,0
185,Marsaxlokk,MT,2020-12-09 18:49:17,35.84,14.54,57.2,71,40,11.41,scattered clouds,0,0
186,Hithadhoo,MV,2020-12-09 18:49:17,-0.6,73.08,82.26,69,100,6.24,overcast clouds,0,0
187,Kuytun,RU,2020-12-09 18:49:17,54.34,101.5,0.34,90,100,9.35,overcast clouds,0,0
188,Arraial Do Cabo,BR,2020-12-09 18:49:17,-22.97,-42.03,77.0,88,75,10.29,broken clouds,0,0
189,Whitehorse,CA,2020-12-09 18:47:10,60.72,-135.05,21.2,79,20,14.99,few clouds,0,0
190,Cape Canaveral,US,2020-12-09 18:49:18,28.41,-80.6,62.01,39,1,5.82,clear sky,0,0
191,Santa Cruz,BO,2020-12-09 18:45:05,-17.8,-63.17,73.4,94,90,11.41,heavy intensity rain,0,0
192,Jamui,IN,2020-12-09 18:49:18,24.92,86.22,64.36,50,0,2.28,clear sky,0,0
193,Micheweni,TZ,2020-12-09 18:49:18,-4.97,39.83,81.41,76,33,9.84,scattered clouds,0,0
194,Port Lincoln,AU,2020-12-09 18:49:18,-34.73,135.87,58.46,83,56,18.61,broken clouds,0,0
195,Seoul,KR,2020-12-09 18:46:11,37.57,126.98,39.2,60,90,2.33,overcast clouds,0,0
196,Gangapur,IN,2020-12-09 18:47:13,26.48,76.72,66.16,42,0,5.21,clear sky,0,0
197,Saint George,US,2020-12-09 18:49:19,37.1,-113.58,42.8,24,1,3.53,clear sky,0,0
198,Tessalit,ML,2020-12-09 18:49:19,20.2,1.01,69.35,20,0,10.07,clear sky,0,0
199,Auki,SB,2020-12-09 18:49:19,-8.77,160.7,77.45,81,0,3.38,clear sky,0,0
200,Bereznik,RU,2020-12-09 18:49:20,62.86,42.71,19.11,91,0,5.03,clear sky,0,0
201,Tuktoyaktuk,CA,2020-12-09 18:49:20,69.45,-133.04,-7.6,83,75,10.29,light snow,0,0
202,Antalaha,MG,2020-12-09 18:49:20,-14.9,50.28,75.42,83,27,5.21,scattered clouds,0,0
203,Tura,IN,2020-12-09 18:49:20,25.52,90.22,60.21,82,0,3.04,clear sky,0,0
204,Severo-Kurilsk,RU,2020-12-09 18:49:20,50.68,156.12,26.17,85,60,23.35,broken clouds,0,0
205,Manono,CD,2020-12-09 18:49:21,-7.3,27.42,71.47,92,100,5.59,light rain,0,0
206,Esna,EG,2020-12-09 18:49:21,25.29,32.55,71.6,60,0,2.24,clear sky,0,0
207,Kahului,US,2020-12-09 18:45:41,20.89,-156.47,77.0,64,20,5.82,few clouds,0,0
208,Ginir,ET,2020-12-09 18:49:21,7.13,40.7,57.43,34,0,7.65,clear sky,0,0
209,Lazaro Cardenas,MX,2020-12-09 18:49:22,17.96,-102.2,83.71,62,0,8.72,clear sky,0,0
210,Svetlogorsk,BY,2020-12-09 18:49:22,52.63,29.73,22.21,92,0,10.45,clear sky,0,0
211,Vostok,RU,2020-12-09 18:49:22,46.49,135.88,2.14,91,0,5.32,clear sky,0,0
212,Cidreira,BR,2020-12-09 18:49:22,-30.18,-50.21,72.63,76,3,9.4,clear sky,0,0
213,Port Alfred,ZA,2020-12-09 18:49:22,-33.59,26.89,68.54,89,52,12.95,light rain,0,0
214,Carnarvon,AU,2020-12-09 18:49:23,-24.87,113.63,71.6,94,75,18.34,broken clouds,0,0
215,Khatanga,RU,2020-12-09 18:49:23,71.97,102.5,-30.98,85,78,2.01,broken clouds,0,0
216,Ketchikan,US,2020-12-09 18:49:23,55.34,-131.65,37.4,100,75,4.7,broken clouds,0,0
217,Souillac,MU,2020-12-09 18:49:23,-20.52,57.52,75.2,83,75,16.11,shower rain,0,0
218,Kanniyakumari,IN,2020-12-09 18:49:23,8.08,77.57,79.63,82,0,20.83,clear sky,0,0
219,Pierre,US,2020-12-09 18:48:03,44.37,-100.35,55.0,40,1,5.28,clear sky,0,0
220,Tilichiki,RU,2020-12-09 18:49:24,60.47,166.1,7.99,96,91,10.33,overcast clouds,0,0
221,Terny,UA,2020-12-09 18:49:24,50.98,33.98,22.26,91,0,10.25,clear sky,0,0
222,Meulaboh,ID,2020-12-09 18:49:24,4.14,96.13,76.86,88,100,4.45,overcast clouds,0,0
223,Kodiak,US,2020-12-09 18:49:24,57.79,-152.41,28.4,86,20,3.36,few clouds,0,0
224,Odweyne,SO,2020-12-09 18:49:25,9.41,45.06,67.66,47,5,14.0,clear sky,0,0
225,Thompson,CA,2020-12-09 18:45:01,55.74,-97.86,28.4,92,90,6.93,light snow,0,0
226,Bexhill,AU,2020-12-09 18:49:25,-28.77,153.35,64.99,88,90,5.82,overcast clouds,0,0
227,Kieta,PG,2020-12-09 18:49:25,-6.22,155.63,79.09,78,93,3.78,light rain,0,0
228,Copiapo,CL,2020-12-09 18:45:48,-27.37,-70.33,66.2,63,75,12.75,broken clouds,0,0
229,Tuatapere,NZ,2020-12-09 18:49:26,-46.13,167.68,57.0,91,100,2.82,overcast clouds,0,0
230,Port Antonio,JM,2020-12-09 18:49:26,18.18,-76.46,80.6,61,75,29.97,broken clouds,0,0
231,Oranjemund,NA,2020-12-09 18:49:26,-28.55,16.43,63.03,84,1,12.46,clear sky,0,0
232,Asilah,MA,2020-12-09 18:49:26,35.47,-6.03,60.8,72,0,5.82,clear sky,0,0
233,Portland,US,2020-12-09 18:44:39,45.52,-122.68,50.0,93,75,3.36,broken clouds,0,0
234,Sayansk,RU,2020-12-09 18:49:27,54.11,102.16,-0.42,91,100,8.12,overcast clouds,0,0
235,Bafata,GW,2020-12-09 18:49:27,12.17,-14.75,85.42,26,38,4.34,scattered clouds,0,0
236,Birao,CF,2020-12-09 18:49:28,10.28,22.79,77.41,19,100,4.27,overcast clouds,0,0
237,Manati,PR,2020-12-09 18:49:28,18.43,-66.49,87.01,72,9,3.0,clear sky,0,0
238,Deming,US,2020-12-09 18:49:28,32.27,-107.76,57.2,15,1,3.44,clear sky,0,0
239,Concordia,AR,2020-12-09 18:49:28,-31.39,-58.02,87.01,37,0,4.0,clear sky,0,0
240,Malangali,TZ,2020-12-09 18:49:28,-8.57,34.85,68.02,73,74,9.8,broken clouds,0,0
241,Kavieng,PG,2020-12-09 18:49:29,-2.57,150.8,81.57,74,100,3.96,moderate rain,0,0
242,Emerald,AU,2020-12-09 18:49:29,-23.53,148.17,75.2,78,90,11.41,overcast clouds,0,0
243,Gouyave,GD,2020-12-09 18:47:49,12.16,-61.73,84.2,70,20,17.22,few clouds,0,0
244,Shimada,JP,2020-12-09 18:49:29,34.82,138.18,46.99,83,57,1.99,broken clouds,0,0
245,Paamiut,GL,2020-12-09 18:49:30,61.99,-49.67,27.7,75,0,6.38,clear sky,0,0
246,Gonzales,US,2020-12-09 18:49:30,30.24,-90.92,71.6,35,1,5.82,clear sky,0,0
247,Chumikan,RU,2020-12-09 18:49:30,54.72,135.31,3.99,89,26,15.66,scattered clouds,0,0
248,Sangar,RU,2020-12-09 18:49:30,63.92,127.47,-34.78,82,0,3.49,clear sky,0,0
249,Ust-Ishim,RU,2020-12-09 18:49:30,57.69,71.17,18.79,97,100,6.02,overcast clouds,0,0
250,Naregal,IN,2020-12-09 18:49:31,15.58,75.82,70.09,66,4,9.48,clear sky,0,0
251,Svetlyy,RU,2020-12-09 18:49:31,54.67,20.13,30.2,80,75,11.18,broken clouds,0,0
252,Lexington,US,2020-12-09 18:49:31,37.99,-84.48,54.0,50,1,13.87,clear sky,0,0
253,San Patricio,US,2020-12-09 18:49:31,28.02,-97.52,78.01,33,20,5.82,few clouds,0,0
254,Hohhot,CN,2020-12-09 18:46:23,40.81,111.65,5.0,84,41,4.47,scattered clouds,0,0
255,Port Blair,IN,2020-12-09 18:49:32,11.67,92.75,78.49,74,0,7.81,clear sky,0,0
256,Centralia,US,2020-12-09 18:49:32,46.72,-122.95,48.0,100,75,6.93,broken clouds,0,0
257,Sterling,US,2020-12-09 18:45:41,39.01,-77.43,42.01,55,20,8.05,few clouds,0,0
258,Muli,MV,2020-12-09 18:49:32,2.92,73.57,82.45,70,100,6.38,overcast clouds,0,0
259,Khani,GE,2020-12-09 18:49:32,41.96,42.96,42.8,87,90,10.29,overcast clouds,0,0
260,Katsuura,JP,2020-12-09 18:49:33,35.13,140.3,50.0,61,75,11.41,light rain,0,0
261,Ust-Kuyga,RU,2020-12-09 18:49:33,70.02,135.6,-26.7,82,100,8.12,overcast clouds,0,0
262,Glendive,US,2020-12-09 18:49:33,47.11,-104.71,48.99,45,1,6.93,clear sky,0,0
263,Kigoma,TZ,2020-12-09 18:49:33,-4.88,29.63,69.8,94,75,2.17,light rain,0,0
264,Saint-Pierre,RE,2020-12-09 18:49:33,-21.34,55.48,75.2,73,75,21.92,broken clouds,0,0
265,Viedma,AR,2020-12-09 18:47:31,-40.81,-63.0,79.0,23,0,13.82,clear sky,0,0
266,Tupik,RU,2020-12-09 18:49:34,54.43,119.93,-2.6,90,100,2.26,overcast clouds,0,0
267,San Juan Del Parana,PY,2020-12-09 18:49:34,-27.3,-55.97,91.4,25,0,3.36,clear sky,0,0
268,Dvubratskiy,RU,2020-12-09 18:49:34,45.24,39.8,37.0,76,75,8.95,light intensity shower rain,0,0
269,Ekhabi,RU,2020-12-09 18:49:35,53.51,142.97,5.09,88,100,4.29,overcast clouds,0,0
270,Esperance,AU,2020-12-09 18:49:35,-33.87,121.9,60.8,77,100,13.87,overcast clouds,0,0
271,George,ZA,2020-12-09 18:49:35,-33.96,22.46,64.4,93,75,3.36,broken clouds,0,0
272,Hamilton,US,2020-12-09 18:49:35,39.18,-84.53,53.01,53,1,8.05,clear sky,0,0
273,Wuchi,CN,2020-12-09 18:49:36,29.38,103.02,31.89,99,100,2.68,overcast clouds,0,0
274,Sorong,ID,2020-12-09 18:49:36,-0.88,131.25,81.32,83,69,9.37,broken clouds,0,0
275,Palana,RU,2020-12-09 18:49:36,59.12,159.97,13.39,93,100,7.34,overcast clouds,0,0
276,Lithakia,GR,2020-12-09 18:49:36,37.72,20.83,60.8,87,75,13.87,moderate rain,0,0
277,Cairns,AU,2020-12-09 18:49:36,-16.92,145.77,77.0,88,40,10.29,scattered clouds,0,0
278,Abalak,RU,2020-12-09 18:49:36,58.13,68.59,15.44,98,100,5.79,overcast clouds,0,0
279,Spencer,US,2020-12-09 18:49:37,43.14,-95.14,53.01,43,1,11.41,clear sky,0,0
280,Constitucion,CL,2020-12-09 18:49:37,-35.33,-72.42,66.2,48,0,20.71,clear sky,0,0
281,Nisia Floresta,BR,2020-12-09 18:48:14,-6.09,-35.21,86.0,62,40,13.87,scattered clouds,0,0
282,Gualeguay,AR,2020-12-09 18:49:37,-33.14,-59.31,96.21,23,0,6.62,clear sky,0,0
283,Narsaq,GL,2020-12-09 18:49:37,60.92,-46.05,30.2,23,5,14.99,clear sky,0,0
284,Vestmannaeyjar,IS,2020-12-09 18:49:38,63.44,-20.27,37.4,86,75,5.82,broken clouds,0,0
285,Brownwood,US,2020-12-09 18:49:38,31.71,-98.99,71.6,17,1,8.05,clear sky,0,0
286,Broome,US,2020-12-09 18:49:38,42.25,-75.83,32.0,92,90,10.29,snow,0,0
287,Ixtapa,MX,2020-12-09 18:49:39,20.7,-105.2,80.6,65,5,4.7,clear sky,0,0
288,Xiongyue,CN,2020-12-09 18:49:39,40.18,122.12,35.67,78,0,9.13,clear sky,0,0
289,Taksimo,RU,2020-12-09 18:49:39,56.34,114.88,0.45,89,100,2.64,light snow,0,0
290,Pisco,PE,2020-12-09 18:49:40,-13.7,-76.22,69.8,83,0,10.29,clear sky,0,0
291,Bria,CF,2020-12-09 18:49:40,6.54,21.99,76.33,28,0,1.9,clear sky,0,0
292,Nara,JP,2020-12-09 18:49:40,34.69,135.8,46.4,81,0,8.05,clear sky,0,0
293,Canta,TR,2020-12-09 18:49:40,41.12,28.08,51.8,87,0,8.05,clear sky,0,0
294,Imbituba,BR,2020-12-09 18:49:41,-28.24,-48.67,75.2,83,75,12.75,broken clouds,0,0
295,Elko,US,2020-12-09 18:49:28,41.0,-115.5,41.0,45,1,1.23,clear sky,0,0
296,Vila Velha,BR,2020-12-09 18:48:16,-20.33,-40.29,84.2,74,75,17.22,shower rain,0,0
297,Puerto Gaitan,CO,2020-12-09 18:49:41,4.31,-72.08,88.02,56,100,8.97,overcast clouds,0,0
298,Paka,MY,2020-12-09 18:49:41,4.64,103.44,78.8,88,100,2.24,overcast clouds,0,0
299,Cherskiy,RU,2020-12-09 18:49:41,68.75,161.3,-12.1,86,32,4.81,scattered clouds,0,0
300,Kloulklubed,PW,2020-12-09 18:49:42,7.04,134.26,75.2,100,75,3.36,broken clouds,0,0
301,Along,IN,2020-12-09 18:49:42,28.17,94.77,52.54,76,0,1.39,clear sky,0,0
302,Onega,RU,2020-12-09 18:49:42,63.91,38.14,26.22,91,5,8.63,clear sky,0,0
303,Gat,IL,2020-12-09 18:47:01,31.61,34.76,63.0,100,0,3.0,clear sky,0,0
304,Bilma,NE,2020-12-09 18:49:42,18.69,12.92,75.72,18,0,6.02,clear sky,0,0
305,Los Llanos De Aridane,ES,2020-12-09 18:49:43,28.66,-17.92,66.2,77,75,11.41,broken clouds,0,0
306,Pamanukan,ID,2020-12-09 18:49:43,-6.28,107.81,79.56,75,38,13.69,scattered clouds,0,0
307,Sitka,US,2020-12-09 18:49:43,57.05,-135.33,35.6,93,1,6.93,clear sky,0,0
308,Lihula,EE,2020-12-09 18:49:43,58.68,23.85,21.0,79,0,4.7,clear sky,0,0
309,Dawei,MM,2020-12-09 18:49:43,14.08,98.2,68.56,83,0,4.05,clear sky,0,0
310,Isangel,VU,2020-12-09 18:49:44,-19.55,169.27,79.3,82,33,13.44,scattered clouds,0,0
311,Aklavik,CA,2020-12-09 18:49:44,68.22,-135.01,-0.4,77,75,4.7,broken clouds,0,0
312,Brigantine,US,2020-12-09 18:47:55,39.41,-74.36,39.2,48,90,13.87,light rain,0,0
313,Sabang,ID,2020-12-09 18:49:44,5.89,95.32,81.45,78,94,11.9,overcast clouds,0,0
314,Homer,US,2020-12-09 18:49:44,59.64,-151.55,34.0,86,75,10.29,light snow,0,0
315,Mahanoro,MG,2020-12-09 18:49:45,-19.9,48.8,73.83,88,100,2.98,light rain,0,0
316,Argelia,CO,2020-12-09 18:49:45,2.26,-77.25,69.3,78,100,1.01,moderate rain,0,0
317,Sobolevo,RU,2020-12-09 18:49:45,54.43,31.9,21.69,91,0,10.6,clear sky,0,0
318,Ancud,CL,2020-12-09 18:49:45,-41.87,-73.82,64.0,55,20,6.93,few clouds,0,0
319,Port Elizabeth,ZA,2020-12-09 18:49:46,-33.92,25.57,66.2,93,75,11.41,light rain,0,0
320,Lasa,IT,2020-12-09 18:49:46,46.62,10.7,34.0,79,75,8.05,light snow,0,0
321,Trairi,BR,2020-12-09 18:49:24,-3.28,-39.27,84.43,60,74,13.04,broken clouds,0,0
322,Male,MV,2020-12-09 18:49:46,4.17,73.51,84.2,79,75,8.05,light rain,0,0
323,Pangnirtung,CA,2020-12-09 18:49:46,66.15,-65.71,21.2,73,75,2.24,broken clouds,0,0
324,Fortuna,US,2020-12-09 18:49:47,40.6,-124.16,53.01,97,100,1.01,overcast clouds,0,0
325,Berezyne,UA,2020-12-09 18:49:47,46.23,29.2,38.68,88,100,13.98,overcast clouds,0,0
326,Itzehoe,DE,2020-12-09 18:49:47,53.92,9.52,37.99,93,100,1.01,overcast clouds,0,0
327,Casa Nova,BR,2020-12-09 18:49:47,-9.42,-41.13,91.4,29,40,5.82,scattered clouds,0,0
328,Kiblawan,PH,2020-12-09 18:49:48,6.61,125.24,74.89,88,100,1.36,overcast clouds,0,0
329,Krasnyy Yar,RU,2020-12-09 18:49:48,46.53,48.35,15.8,78,0,6.71,clear sky,0,0
330,Filadelfia,US,2020-12-09 18:46:55,39.95,-75.16,39.99,59,90,20.8,overcast clouds,0,0
331,Nanortalik,GL,2020-12-09 18:49:48,60.14,-45.24,28.54,82,0,4.27,clear sky,0,0
332,Ossora,RU,2020-12-09 18:49:48,59.24,163.07,22.75,96,100,9.91,light snow,0,0
333,Beringovskiy,RU,2020-12-09 18:49:49,63.05,179.32,19.04,94,89,5.08,overcast clouds,0,0
334,North Bend,US,2020-12-09 18:49:49,43.41,-124.22,51.01,100,20,5.82,few clouds,0,0
335,San Isidro,PE,2020-12-09 18:49:49,-12.12,-77.05,73.0,68,75,12.75,broken clouds,0,0
336,Omboue,GA,2020-12-09 18:49:49,-1.57,9.26,77.7,88,100,7.99,overcast clouds,0,0
337,Pemangkat,ID,2020-12-09 18:49:49,1.17,108.97,79.74,86,100,12.75,overcast clouds,0,0
338,Linxia,CN,2020-12-09 18:47:13,35.6,103.21,24.53,91,57,1.36,broken clouds,0,0
339,Mwinilunga,ZM,2020-12-09 18:49:50,-11.74,24.43,65.97,91,100,1.16,overcast clouds,0,0
340,Nuristan,AF,2020-12-09 18:49:50,35.3,70.83,5.23,86,0,8.61,clear sky,0,0
341,Pauini,BR,2020-12-09 18:49:50,-7.71,-66.98,91.83,48,100,4.56,overcast clouds,0,0
342,Bontang,ID,2020-12-09 18:49:51,0.13,117.5,78.08,85,99,3.91,heavy intensity rain,0,0
343,Januaria,BR,2020-12-09 18:49:51,-15.48,-44.37,80.44,78,100,1.52,overcast clouds,0,0
344,Ahuimanu,US,2020-12-09 18:49:51,21.44,-157.84,75.2,78,75,3.36,broken clouds,0,0
345,Araure,VE,2020-12-09 18:49:51,9.56,-69.21,71.6,83,98,10.29,overcast clouds,0,0
346,Raga,SS,2020-12-09 18:49:51,8.46,25.68,78.01,18,14,3.74,few clouds,0,0
347,Maple Creek,CA,2020-12-09 18:49:52,49.92,-109.48,33.8,96,100,3.36,snow,0,0
348,Havre,FR,2020-12-09 18:49:52,49.58,0.33,42.8,87,0,8.05,clear sky,0,0
349,Maua,BR,2020-12-09 18:48:14,-23.67,-46.46,78.8,61,40,14.99,scattered clouds,0,0
350,Rawson,AR,2020-12-09 18:49:52,-43.3,-65.1,66.25,47,0,17.74,clear sky,0,0
351,Flin Flon,CA,2020-12-09 18:49:52,54.77,-101.86,30.2,80,20,5.82,few clouds,0,0
352,Karoi,ZW,2020-12-09 18:49:53,-16.81,29.69,66.45,90,96,5.57,overcast clouds,0,0
353,Pedro Ii,BR,2020-12-09 18:49:53,-4.42,-41.46,91.89,25,78,5.75,broken clouds,0,0
354,Mandan,US,2020-12-09 18:47:33,46.83,-100.89,46.4,54,1,11.41,clear sky,0,0
355,Balkanabat,TM,2020-12-09 18:49:54,39.51,54.37,32.61,86,0,3.27,clear sky,0,0
356,Lere,NG,2020-12-09 18:49:54,10.39,8.57,74.52,22,100,4.12,overcast clouds,0,0
357,Innisfail,AU,2020-12-09 18:49:54,-17.53,146.03,75.51,89,93,3.15,light rain,0,0
358,Zhigansk,RU,2020-12-09 18:49:55,66.77,123.37,-36.87,81,15,4.54,few clouds,0,0
359,Saint-Chamond,FR,2020-12-09 18:49:55,45.47,4.53,37.4,86,90,2.24,overcast clouds,0,0
360,Margate,GB,2020-12-09 18:49:56,51.38,1.39,41.0,89,100,1.99,overcast clouds,0,0
361,Coalinga,US,2020-12-09 18:47:10,36.14,-120.36,51.8,20,20,8.05,few clouds,0,0
362,Valleyview,CA,2020-12-09 18:49:56,55.07,-117.29,30.2,63,0,11.41,clear sky,0,0
363,Taoudenni,ML,2020-12-09 18:49:57,22.68,-3.98,65.14,23,0,11.54,clear sky,0,0
364,Yucaipa,US,2020-12-09 18:49:57,34.03,-117.04,66.0,21,75,3.89,broken clouds,0,0
365,Samarai,PG,2020-12-09 18:49:57,-10.62,150.67,81.73,79,12,8.19,few clouds,0,0
366,Bathsheba,BB,2020-12-09 18:49:58,13.22,-59.52,86.0,62,40,12.75,scattered clouds,0,0
367,Thinadhoo,MV,2020-12-09 18:49:58,0.53,72.93,82.36,67,57,3.47,broken clouds,0,0
368,Normandin,CA,2020-12-09 18:49:58,48.83,-72.53,21.2,85,100,6.93,overcast clouds,0,0
369,Nouakchott,MR,2020-12-09 18:49:58,18.09,-15.98,78.8,13,100,8.05,overcast clouds,0,0
370,Yumen,CN,2020-12-09 18:49:59,40.28,97.2,17.19,88,2,11.07,clear sky,0,0
371,Shingu,JP,2020-12-09 18:49:59,33.73,135.98,47.05,81,32,5.48,scattered clouds,0,0
372,La Ronge,CA,2020-12-09 18:49:59,55.1,-105.28,28.4,79,0,3.36,clear sky,0,0
373,Tank,PK,2020-12-09 18:49:59,32.22,70.38,57.56,59,0,1.12,clear sky,0,0
374,Krasnoselkup,RU,2020-12-09 18:49:59,65.7,82.47,-2.96,92,100,16.69,light snow,0,0
375,Alcala,CO,2020-12-09 18:49:59,4.67,-75.78,77.0,65,40,4.7,scattered clouds,0,0
376,Jacareacanga,BR,2020-12-09 18:50:00,-6.22,-57.75,75.2,100,90,2.91,light rain,0,0
377,Jalu,LY,2020-12-09 18:50:00,29.03,21.55,61.16,32,0,9.95,clear sky,0,0
378,Pochutla,MX,2020-12-09 18:50:00,15.74,-96.47,86.0,45,5,8.05,clear sky,0,0
379,Soderhamn,SE,2020-12-09 18:50:00,61.3,17.06,36.0,88,100,4.0,overcast clouds,0,0
380,Aden,YE,2020-12-09 18:47:14,12.78,45.04,78.44,67,0,4.74,clear sky,0,0
381,Calama,CL,2020-12-09 18:50:01,-22.47,-68.93,75.2,10,0,25.28,clear sky,0,0
382,General Roca,AR,2020-12-09 18:48:17,-39.03,-67.58,82.4,24,0,8.05,clear sky,0,0
383,Changtu,CN,2020-12-09 18:50:01,42.78,124.1,19.51,88,0,7.76,clear sky,0,0
384,Savannah Bight,HN,2020-12-09 18:50:02,16.45,-85.85,79.0,65,40,6.93,scattered clouds,0,0
385,Kudahuvadhoo,MV,2020-12-09 18:50:03,2.67,72.89,82.85,71,39,6.71,scattered clouds,0,0
386,Zhongxing,CN,2020-12-09 18:49:16,33.7,118.68,40.32,81,47,3.69,scattered clouds,0,0
387,Petropavlovsk-Kamchatskiy,RU,2020-12-09 18:50:04,53.05,158.65,1.4,77,0,6.71,clear sky,0,0
388,Pacific Grove,US,2020-12-09 18:49:54,36.62,-121.92,57.99,50,1,5.82,clear sky,0,0
389,Kosh-Agach,RU,2020-12-09 18:50:05,50.0,88.67,-7.53,85,99,0.38,overcast clouds,0,0
390,Becerril,CO,2020-12-09 18:50:05,9.7,-73.28,86.0,72,95,0.85,light rain,0,0
391,Coquimbo,CL,2020-12-09 18:49:15,-29.95,-71.34,62.6,72,20,13.87,few clouds,0,0
392,Progreso,MX,2020-12-09 18:50:06,21.28,-89.67,77.0,60,75,8.05,broken clouds,0,0
393,Sacramento,US,2020-12-09 18:50:06,38.47,-121.32,57.2,44,5,6.93,clear sky,0,0
394,Ankang,CN,2020-12-09 18:50:06,32.68,109.02,40.37,76,100,1.14,overcast clouds,0,0
395,Chimbote,PE,2020-12-09 18:50:06,-9.09,-78.58,71.89,71,7,11.05,clear sky,0,0
396,Inhambane,MZ,2020-12-09 18:50:07,-23.86,35.38,77.0,65,40,6.93,scattered clouds,0,0
397,Bang Len,TH,2020-12-09 18:50:07,14.02,100.17,73.99,69,0,2.24,clear sky,0,0
398,Batemans Bay,AU,2020-12-09 18:50:07,-35.72,150.18,53.01,100,46,5.5,scattered clouds,0,0
399,Manta,EC,2020-12-09 18:50:07,-0.95,-80.73,78.8,74,75,11.41,broken clouds,0,0
400,Sumbuya,SL,2020-12-09 18:50:07,7.65,-11.96,77.34,92,39,3.2,scattered clouds,0,0
401,Zima,RU,2020-12-09 18:50:08,53.92,102.04,2.34,90,100,8.21,overcast clouds,0,0
402,Pedernales,DO,2020-12-09 18:50:08,18.04,-71.74,84.2,74,20,16.11,few clouds,0,0
403,Codrington,AU,2020-12-09 18:50:08,-38.27,141.97,52.83,81,49,13.27,scattered clouds,0,0
404,Caravelas,BR,2020-12-09 18:48:26,-17.71,-39.25,82.15,69,21,14.83,few clouds,0,0
405,Okhotsk,RU,2020-12-09 18:50:09,59.38,143.3,-8.59,88,67,10.07,broken clouds,0,0
406,Taman,RU,2020-12-09 18:50:09,45.21,36.72,41.0,86,75,4.47,broken clouds,0,0
407,Grindavik,IS,2020-12-09 18:50:09,63.84,-22.43,35.6,74,0,18.34,clear sky,0,0
408,Bata,GQ,2020-12-09 18:50:09,1.86,9.77,84.2,79,20,6.93,few clouds,0,0
409,Lumberton,US,2020-12-09 18:47:08,34.62,-79.01,53.6,34,1,13.87,clear sky,0,0
410,Husavik,IS,2020-12-09 18:50:10,66.04,-17.34,30.2,92,90,6.93,snow,0,0
411,Mozarlandia,BR,2020-12-09 18:50:10,-14.74,-50.57,83.53,61,100,8.75,moderate rain,0,0
412,Tabas,IR,2020-12-09 18:50:10,33.6,56.92,44.6,65,0,4.7,clear sky,0,0
413,Russell,US,2020-12-09 18:45:27,32.35,-85.2,60.8,44,1,8.05,clear sky,0,0
414,Nioki,CD,2020-12-09 18:50:11,-2.72,17.68,72.61,93,100,1.5,moderate rain,0,0
415,Sao Joao Del Rei,BR,2020-12-09 18:47:32,-21.14,-44.26,71.6,68,90,3.36,moderate rain,0,0
416,Havelock,US,2020-12-09 18:50:11,34.88,-76.9,54.0,40,1,13.87,clear sky,0,0
417,Sakaiminato,JP,2020-12-09 18:50:11,35.55,133.23,42.8,93,40,3.36,scattered clouds,0,0
418,Sarny,UA,2020-12-09 18:50:12,51.34,26.6,25.27,96,90,13.22,overcast clouds,0,0
419,Sirnak,TR,2020-12-09 18:50:12,37.52,42.46,37.26,89,53,3.49,broken clouds,0,0
420,Yanliang,CN,2020-12-09 18:48:57,34.66,109.23,39.0,92,67,4.47,mist,0,0
421,Panama City,PA,2020-12-09 18:50:12,8.99,-79.52,88.0,79,40,10.29,scattered clouds,0,0
422,Iwanai,JP,2020-12-09 18:50:12,42.97,140.51,37.06,80,96,6.96,overcast clouds,0,0
423,Carutapera,BR,2020-12-09 18:50:13,-1.2,-46.02,84.4,65,100,10.2,overcast clouds,0,0
424,Bemidji,US,2020-12-09 18:50:13,47.47,-94.88,41.0,65,1,6.93,clear sky,0,0
425,Barahona,DO,2020-12-09 18:50:13,18.21,-71.1,84.2,74,20,16.11,few clouds,0,0
426,Fukue,JP,2020-12-09 18:50:13,32.69,128.84,56.84,63,34,10.33,scattered clouds,0,0
427,Nemuro,JP,2020-12-09 18:50:14,43.32,145.57,35.64,79,88,13.56,overcast clouds,0,0
428,Saint Anthony,US,2020-12-09 18:50:14,45.02,-93.22,50.0,64,1,5.82,clear sky,0,0
429,Makakilo City,US,2020-12-09 18:49:06,21.35,-158.09,75.2,88,90,4.7,light rain,0,0
430,Minot,US,2020-12-09 18:49:54,48.23,-101.3,39.2,64,75,4.7,moderate rain,0,0
431,Barguzin,RU,2020-12-09 18:50:14,53.62,109.62,-0.31,86,79,9.46,light snow,0,0
432,Radishchevo,RU,2020-12-09 18:50:15,52.85,47.88,14.68,92,0,5.93,clear sky,0,0
433,Asau,RO,2020-12-09 18:50:15,46.43,26.4,28.99,14,100,1.07,overcast clouds,0,0
434,Parrita,CR,2020-12-09 18:50:15,9.52,-84.32,75.2,64,40,24.16,scattered clouds,0,0
435,Half Moon Bay,US,2020-12-09 18:50:15,37.46,-122.43,60.01,76,20,3.36,haze,0,0
436,Sioux Lookout,CA,2020-12-09 18:45:31,50.1,-91.92,33.8,74,40,9.17,scattered clouds,0,0
437,Uthal,PK,2020-12-09 18:50:16,25.81,66.62,68.85,51,0,1.79,clear sky,0,0
438,Moose Factory,CA,2020-12-09 18:50:16,51.26,-80.61,33.8,92,90,9.17,light rain,0,0
439,Vilela,PT,2020-12-09 18:50:16,41.23,-7.6,51.01,8,100,4.97,overcast clouds,0,0
440,Maraa,BR,2020-12-09 18:50:17,-1.83,-65.37,85.96,72,100,1.25,overcast clouds,0,0
441,Hit,IQ,2020-12-09 18:50:17,33.64,42.83,58.98,58,0,9.86,clear sky,0,0
442,Port Hedland,AU,2020-12-09 18:50:17,-20.32,118.57,78.8,88,90,8.05,overcast clouds,0,0
443,Zhanaozen,KZ,2020-12-09 18:50:17,43.3,52.8,21.09,95,0,8.39,clear sky,0,0
444,Tual,ID,2020-12-09 18:50:18,-5.67,132.75,84.0,70,99,1.36,light rain,0,0
445,Gimli,CA,2020-12-09 18:50:18,50.63,-96.99,37.4,69,94,5.82,overcast clouds,0,0
446,Guerrero Negro,MX,2020-12-09 18:47:58,27.98,-114.06,71.46,47,23,7.29,few clouds,0,0
447,Eganville,CA,2020-12-09 18:50:18,45.53,-77.1,36.0,95,90,5.23,overcast clouds,0,0
448,Penzance,GB,2020-12-09 18:50:18,50.12,-5.54,48.2,100,90,18.34,moderate rain,0,0
449,Lompoc,US,2020-12-09 18:47:40,34.64,-120.46,72.0,11,1,3.04,clear sky,0,0
450,Tocopilla,CL,2020-12-09 18:50:19,-22.09,-70.2,69.73,44,24,5.35,few clouds,0,0
451,Berlevag,NO,2020-12-09 18:50:19,70.86,29.09,35.6,92,75,32.21,light snow,0,0
452,Kutum,SD,2020-12-09 18:50:19,14.2,24.67,66.13,26,6,8.55,clear sky,0,0
453,Neiafu,TO,2020-12-09 18:50:19,-18.65,-173.98,78.8,83,75,10.29,broken clouds,0,0
454,Coahuayana,MX,2020-12-09 18:50:20,18.73,-103.68,78.8,65,40,6.33,scattered clouds,0,0
455,Bisert,RU,2020-12-09 18:50:20,56.86,59.05,6.91,95,100,5.61,overcast clouds,0,0
456,Anloga,GH,2020-12-09 18:50:20,5.79,0.9,82.4,78,20,9.17,few clouds,0,0
457,Woodward,US,2020-12-09 18:50:20,36.43,-99.39,57.2,26,1,3.36,clear sky,0,0
458,Galveston,US,2020-12-09 18:47:24,29.37,-94.97,75.2,40,1,6.93,clear sky,0,0
459,Mnogovershinnyy,RU,2020-12-09 18:50:21,53.94,139.92,2.64,91,100,2.62,overcast clouds,0,0
460,Poindimie,NC,2020-12-09 18:50:21,-20.93,165.33,78.62,83,6,10.04,clear sky,0,0
461,Arica,CL,2020-12-09 18:49:32,-18.48,-70.3,69.8,60,0,13.87,clear sky,0,0
462,Puerto Cabezas,NI,2020-12-09 18:50:21,14.04,-83.39,80.6,78,75,20.8,broken clouds,0,0
463,Kirovskiy,RU,2020-12-09 18:50:21,45.09,133.51,15.39,92,90,6.08,overcast clouds,0,0
464,Manakara,MG,2020-12-09 18:50:22,-22.13,48.02,73.22,87,100,9.62,light rain,0,0
465,Nushki,PK,2020-12-09 18:50:22,29.55,66.02,52.41,50,0,3.49,clear sky,0,0
466,Sayla,IN,2020-12-09 18:50:22,22.55,71.47,65.84,49,21,2.48,few clouds,0,0
467,Muros,ES,2020-12-09 18:50:22,42.78,-9.06,55.0,95,100,19.82,moderate rain,0,0
468,Camacupa,AO,2020-12-09 18:50:22,-12.02,17.48,65.28,93,100,5.88,overcast clouds,0,0
469,Raudeberg,NO,2020-12-09 18:50:23,61.99,5.14,44.6,56,40,14.99,scattered clouds,0,0
470,Gigmoto,PH,2020-12-09 18:50:23,13.78,124.39,79.86,82,100,4.65,overcast clouds,0,0
471,Birjand,IR,2020-12-09 18:50:23,32.87,59.22,33.8,80,0,0.54,clear sky,0,0
472,Ambilobe,MG,2020-12-09 18:50:23,-13.2,49.05,75.69,89,97,1.88,light rain,0,0
473,Kurilsk,RU,2020-12-09 18:50:24,45.23,147.88,30.36,93,86,9.33,overcast clouds,0,0
474,Kargasok,RU,2020-12-09 18:50:24,59.06,80.86,8.96,95,100,8.1,overcast clouds,0,0
475,Ibia,BR,2020-12-09 18:47:31,-19.48,-46.54,77.0,65,100,7.29,moderate rain,0,0
476,Mattru,SL,2020-12-09 18:50:24,7.62,-11.83,77.02,92,55,3.36,light rain,0,0
477,Podzvizd,BA,2020-12-09 18:50:25,45.17,15.87,35.01,95,100,1.01,overcast clouds,0,0
478,Joshimath,IN,2020-12-09 18:50:25,30.57,79.57,44.62,51,100,2.66,overcast clouds,0,0
479,Gamba,GA,2020-12-09 18:50:25,-2.65,10.0,77.4,88,75,6.91,broken clouds,0,0
480,Beberibe,BR,2020-12-09 18:46:04,-4.18,-38.13,86.0,66,40,13.87,scattered clouds,0,0
481,Bahia Blanca,AR,2020-12-09 18:48:09,-38.72,-62.27,84.94,16,0,10.25,clear sky,0,0
482,Salinopolis,BR,2020-12-09 18:50:26,-0.61,-47.36,83.3,72,100,12.71,overcast clouds,0,0
483,Aloleng,PH,2020-12-09 18:50:26,16.13,119.78,79.77,81,82,8.39,broken clouds,0,0
484,Remuna,IN,2020-12-09 18:49:29,21.53,86.87,66.24,56,0,3.13,clear sky,0,0
485,Muyezerskiy,RU,2020-12-09 18:50:26,63.93,31.65,23.45,92,0,11.12,clear sky,0,0
486,Oistins,BB,2020-12-09 18:49:45,13.07,-59.53,86.0,62,40,12.75,scattered clouds,0,0
487,Lima,PE,2020-12-09 18:48:54,-12.04,-77.03,73.0,68,75,12.75,broken clouds,0,0
488,Filingue,NE,2020-12-09 18:50:27,14.35,3.32,83.91,14,5,6.51,clear sky,0,0
489,Ust-Ilimsk,RU,2020-12-09 18:50:27,58.0,102.66,-10.86,87,100,7.85,overcast clouds,0,0
490,Formosa,AR,2020-12-09 18:50:27,-26.18,-58.18,91.4,38,0,6.93,clear sky,0,0
491,Ust-Kut,RU,2020-12-09 18:50:27,56.79,105.77,-10.26,85,100,7.47,overcast clouds,0,0
492,Conceicao Do Araguaia,BR,2020-12-09 18:50:28,-8.26,-49.26,89.31,52,99,1.01,overcast clouds,0,0
493,Kawhia,NZ,2020-12-09 18:50:28,-38.07,174.82,69.01,99,76,4.0,broken clouds,0,0
494,Egvekinot,RU,2020-12-09 18:50:29,66.32,-179.17,-0.4,92,84,0.81,broken clouds,0,0
495,Dali,CN,2020-12-09 18:50:29,25.7,100.18,44.91,83,18,3.44,few clouds,0,0
496,Matara,LK,2020-12-09 18:50:29,5.95,80.54,76.46,88,0,8.21,clear sky,0,0
497,Taltal,CL,2020-12-09 18:50:29,-25.4,-70.48,67.46,56,22,8.23,few clouds,0,0
498,Mildura,AU,2020-12-09 18:50:30,-34.2,142.15,60.8,63,65,10.29,broken clouds,0,0
499,Bose,IT,2020-12-09 18:50:30,45.46,8.01,43.0,90,100,1.01,light rain,0,0
500,Yanam,IN,2020-12-09 18:50:30,16.73,82.22,69.17,75,0,2.33,clear sky,0,0
501,Nioro,GM,2020-12-09 18:50:30,13.35,-15.75,85.73,21,88,6.2,overcast clouds,0,0
502,Rapid Valley,US,2020-12-09 18:50:05,44.06,-103.15,64.0,26,1,9.17,clear sky,0,0
503,Maceio,BR,2020-12-09 18:46:08,-9.67,-35.74,86.0,62,40,20.8,scattered clouds,0,0
504,Boquim,BR,2020-12-09 18:50:31,-11.15,-37.62,84.2,66,20,18.34,few clouds,0,0
505,Harnosand,SE,2020-12-09 18:50:31,62.63,17.94,35.6,93,100,6.93,overcast clouds,0,0
506,Guaymas,MX,2020-12-09 18:50:31,27.93,-110.9,79.0,40,40,4.52,scattered clouds,0,0
507,Tsumeb,NA,2020-12-09 18:50:32,-19.23,17.72,81.86,33,8,5.64,clear sky,0,0
508,Gari,RU,2020-12-09 18:50:32,59.43,62.35,16.18,96,0,4.61,clear sky,0,0
509,Freeport,US,2020-12-09 18:49:32,40.66,-73.58,37.0,69,90,13.87,light snow,0,0
510,Liverpool,GB,2020-12-09 18:47:31,53.41,-2.98,42.8,81,75,8.05,light rain,0,0
511,Palmas,BR,2020-12-09 18:50:33,-10.21,-48.36,75.2,83,75,6.93,broken clouds,0,0
512,Natal,BR,2020-12-09 18:48:57,-5.79,-35.21,86.0,62,40,13.87,scattered clouds,0,0
513,Juba,SS,2020-12-09 18:47:59,4.85,31.58,83.01,46,27,0.96,scattered clouds,0,0
514,Terrace,CA,2020-12-09 18:50:33,54.52,-128.6,33.8,100,90,2.24,light snow,0,0
515,Douentza,ML,2020-12-09 18:50:33,15.0,-2.95,81.09,17,0,10.96,clear sky,0,0
516,Hobyo,SO,2020-12-09 18:50:34,5.35,48.53,78.98,71,9,20.62,clear sky,0,0
517,Havoysund,NO,2020-12-09 18:50:34,71.0,24.66,37.4,90,75,18.34,light rain,0,0
518,Fort Nelson,CA,2020-12-09 18:50:34,58.81,-122.7,19.4,85,20,5.82,few clouds,0,0
519,Mezen,RU,2020-12-09 18:50:35,65.85,44.24,22.8,93,14,9.51,few clouds,0,0
520,Nouadhibou,MR,2020-12-09 18:50:35,20.93,-17.03,73.4,43,25,11.41,scattered clouds,0,0
521,Maniitsoq,GL,2020-12-09 18:50:35,65.42,-52.9,22.5,80,9,5.91,clear sky,0,0
522,Vestmanna,FO,2020-12-09 18:50:35,62.16,-7.17,44.6,93,100,17.22,light rain,0,0
523,Chernaya Kholunitsa,RU,2020-12-09 18:50:35,58.85,51.72,12.96,94,0,4.61,clear sky,0,0
524,Yakeshi,CN,2020-12-09 18:50:36,49.28,120.73,-4.86,89,100,4.25,overcast clouds,0,0
525,Mosquera,CO,2020-12-09 18:50:36,4.71,-74.23,64.4,52,75,9.17,light rain,0,0
526,Trelew,AR,2020-12-09 18:46:24,-43.25,-65.31,71.78,32,0,16.55,clear sky,0,0
527,Cabedelo,BR,2020-12-09 18:50:36,-6.98,-34.83,84.2,66,40,12.75,scattered clouds,0,0
528,Aranos,NA,2020-12-09 18:50:37,-24.13,19.12,81.36,13,0,7.2,clear sky,0,0
529,Marystown,CA,2020-12-09 18:49:09,47.17,-55.15,40.15,79,99,27.04,overcast clouds,0,0
530,Presidente Olegario,BR,2020-12-09 18:48:40,-18.42,-46.42,77.0,65,15,6.98,light rain,0,0
531,Katima Mulilo,NA,2020-12-09 18:50:37,-17.5,24.27,72.64,73,0,2.89,clear sky,0,0
532,Hetauda,NP,2020-12-09 18:50:37,27.43,85.03,51.8,93,75,3.47,mist,0,0
533,Nantucket,US,2020-12-09 18:46:51,41.28,-70.1,39.2,60,90,12.75,overcast clouds,0,0
534,Sampit,ID,2020-12-09 18:50:38,-2.53,112.95,76.01,91,100,2.15,overcast clouds,0,0
535,Vilcun,CL,2020-12-09 18:50:38,-38.65,-72.23,71.6,53,0,10.29,clear sky,0,0
536,Panguna,PG,2020-12-09 18:50:38,-6.32,155.48,68.74,98,99,0.54,overcast clouds,0,0
537,Bayir,TR,2020-12-09 18:50:38,37.27,28.22,53.6,100,75,2.24,broken clouds,0,0
538,Kendari,ID,2020-12-09 18:46:30,-3.94,122.5,77.83,85,93,1.54,overcast clouds,0,0
539,Verkhoyansk,RU,2020-12-09 18:50:39,67.54,133.38,-40.67,76,28,1.99,scattered clouds,0,0
540,Martil,MA,2020-12-09 18:50:39,35.62,-5.28,60.8,72,40,16.11,scattered clouds,0,0
541,Palmer,US,2020-12-09 18:47:45,42.16,-72.33,35.6,55,90,3.36,overcast clouds,0,0
542,Itoman,JP,2020-12-09 18:50:40,26.12,127.67,68.0,94,75,8.05,broken clouds,0,0
543,Yarkovo,RU,2020-12-09 18:50:40,57.4,67.08,14.88,97,91,4.65,overcast clouds,0,0
544,Milledgeville,US,2020-12-09 18:46:30,33.08,-83.23,59.0,58,1,8.14,clear sky,0,0
545,Marawi,PH,2020-12-09 18:50:40,8.0,124.29,75.0,91,40,3.0,scattered clouds,0,0
546,Bassano,CA,2020-12-09 18:50:40,50.78,-112.47,35.6,100,100,6.93,overcast clouds,0,0
547,Morgan City,US,2020-12-09 18:50:41,29.7,-91.21,73.0,40,1,10.29,clear sky,0,0
548,Gweta,BW,2020-12-09 18:50:41,-20.18,25.23,82.62,47,71,6.42,broken clouds,0,0
549,Tiarei,PF,2020-12-09 18:50:41,-17.53,-149.33,80.6,69,75,2.24,broken clouds,0,0
550,Kavaratti,IN,2020-12-09 18:50:41,10.57,72.64,82.78,77,12,14.27,light rain,0,0
551,Cap Malheureux,MU,2020-12-09 18:50:41,-19.98,57.61,73.0,87,86,7.0,light rain,0,0
552,Roros,NO,2020-12-09 18:50:42,62.57,11.38,19.4,92,40,3.36,scattered clouds,0,0
553,Luwuk,ID,2020-12-09 18:50:42,-0.95,122.79,79.29,71,92,1.12,overcast clouds,0,0
554,Kozhevnikovo,RU,2020-12-09 18:50:42,56.26,83.97,-0.99,85,100,7.49,overcast clouds,0,0
555,Gladstone,AU,2020-12-09 18:50:42,-23.85,151.25,75.2,64,40,9.17,scattered clouds,0,0
556,Wanaka,NZ,2020-12-09 18:50:43,-44.7,169.15,53.87,55,0,1.97,clear sky,0,0
557,Gizo,SB,2020-12-09 18:50:43,-8.1,156.84,82.36,77,100,11.32,moderate rain,0,0
558,Leopold,AU,2020-12-09 18:50:43,-38.18,144.47,55.4,100,75,6.93,broken clouds,0,0
559,Carbonia,IT,2020-12-09 18:50:43,39.17,8.52,50.0,71,40,9.17,scattered clouds,0,0
560,Port Macquarie,AU,2020-12-09 18:50:44,-31.43,152.92,57.99,93,100,7.92,overcast clouds,0,0
561,Ulaangom,MN,2020-12-09 18:50:44,49.98,92.07,-0.09,83,99,3.22,overcast clouds,0,0
562,Baykit,RU,2020-12-09 18:50:44,61.67,96.37,-22.05,82,94,1.7,overcast clouds,0,0
